ride_date,num_rides,avg_duration_min,temp_f,max_temp_f,min_temp_f,wind_speed_knots,precip_in,month,day_of_week_original_Monday,day_of_week_original_Saturday,day_of_week_original_Sunday,day_of_week_original_Thursday,day_of_week_original_Tuesday,day_of_week_original_Wednesday,day_of_week_Monday,day_of_week_Saturday,day_of_week_Sunday,day_of_week_Thursday,day_of_week_Tuesday,day_of_week_Wednesday,day_of_week_original_Monday,day_of_week_original_Saturday,day_of_week_original_Sunday,day_of_week_original_Thursday,day_of_week_original_Tuesday,day_of_week_original_Wednesday,day_of_week_original_Monday,day_of_week_original_Saturday,day_of_week_original_Sunday,day_of_week_original_Thursday,day_of_week_original_Tuesday,day_of_week_original_Wednesday,day_of_week_original_Monday,day_of_week_original_Saturday,day_of_week_original_Sunday,day_of_week_original_Thursday,day_of_week_original_Tuesday,day_of_week_original_Wednesday,year,days_since_launch
2013-07-01,16650,16.309987987987988,74.8,78.1,73.4,7.8,0.0,7,True,False,False,False,False,False,True,False,False,False,False,False,True,False,False,False,False,False,True,False,False,False,False,False,True,False,False,False,False,False,2013,0
2013-07-02,22745,15.968826115629811,76.1,82.9,73.0,8.0,0.73,7,False,False,False,False,True,False,False,False,False,False,True,False,False,False,False,False,True,False,False,False,False,False,True,False,False,False,False,False,True,False,2013,1
2013-07-03,21864,16.238808086351998,78.5,84.9,73.9,8.8,0.06,7,False,False,False,False,False,True,False,False,False,False,False,True,False,False,False,False,False,True,False,False,False,False,False,True,False,False,False,False,False,True,2013,2
2013-07-04,22326,21.21847397652961,82.0,91.0,73.9,8.6,0.96,7,False,False,False,True,False,False,False,False,False,True,False,False,False,False,False,True,False,False,False,False,False,True,False,False,False,False,False,True,False,False,2013,3
2013-07-05,21842,18.040443488081063,84.4,93.0,75.9,9.0,0.0,7,False,False,False,False,False,False,False,False,False,False,False,False,False,False,False,False,False,False,False,False,False,False,False,False,False,False,False,False,False,False,2013,4
2013-07-06,20467,19.326261787267303,87.0,95.0,77.0,9.3,0.0,7,False,True,False,False,False,False,False,True,False,False,False,False,False,True,False,False,False,False,False,True,False,False,False,False,False,True,False,False,False,False,2013,5
2013-07-07,20477,18.63832348488548,88.8,98.1,79.0,8.8,0.0,7,False,False,True,False,False,False,False,False,True,False,False,False,False,False,True,False,False,False,False,False,True,False,False,False,False,False,True,False,False,False,2013,6
2013-07-08,21615,21.492164392011727,83.7,98.1,75.0,8.9,0.0,7,True,False,False,False,False,False,True,False,False,False,False,False,True,False,False,False,False,False,True,False,False,False,False,False,True,False,False,False,False,False,2013,7
2013-07-09,26641,16.098854522477886,82.6,91.0,75.0,6.0,0.0,7,False,False,False,False,True,False,False,False,False,False,True,False,False,False,False,False,True,False,False,False,False,False,True,False,False,False,False,False,True,False,2013,8
2013-07-10,25732,15.5319543758744,82.0,91.0,75.0,8.7,0.08,7,False,False,False,False,False,True,False,False,False,False,False,True,False,False,False,False,False,True,False,False,False,False,False,True,False,False,False,False,False,True,2013,9
2013-07-11,24417,16.82863442137309,82.3,91.0,75.0,7.6,0.02,7,False,False,False,True,False,False,False,False,False,True,False,False,False,False,False,True,False,False,False,False,False,True,False,False,False,False,False,True,False,False,2013,10
2013-07-12,19006,15.635127503595358,75.4,86.0,72.0,9.1,0.0,7,False,False,False,False,False,False,False,False,False,False,False,False,False,False,False,False,False,False,False,False,False,False,False,False,False,False,False,False,False,False,2013,11
2013-07-13,26119,18.615661013055625,71.4,78.1,68.0,10.5,0.23,7,False,True,False,False,False,False,False,True,False,False,False,False,False,True,False,False,False,False,False,True,False,False,False,False,False,True,False,False,False,False,2013,12
2013-07-14,29287,19.36267115102264,80.2,93.9,69.1,6.0,0.01,7,False,False,True,False,False,False,False,False,True,False,False,False,False,False,True,False,False,False,False,False,True,False,False,False,False,False,True,False,False,False,2013,13
2013-07-15,28069,15.318282328072492,87.2,93.9,72.0,7.8,0.0,7,True,False,False,False,False,False,True,False,False,False,False,False,True,False,False,False,False,False,True,False,False,False,False,False,True,False,False,False,False,False,2013,14
2013-07-16,29842,15.128550923753988,86.5,93.9,79.0,7.9,0.0,7,False,False,False,False,True,False,False,False,False,False,True,False,False,False,False,False,True,False,False,False,False,False,True,False,False,False,False,False,True,False,2013,15
2013-07-17,30550,14.669449536279323,87.4,97.0,78.1,4.0,0.0,7,False,False,False,False,False,True,False,False,False,False,False,True,False,False,False,False,False,True,False,False,False,False,False,True,False,False,False,False,False,True,2013,16
2013-07-18,28869,14.380492338956437,89.3,100.0,78.1,6.3,0.0,7,False,False,False,True,False,False,False,False,False,True,False,False,False,False,False,True,False,False,False,False,False,True,False,False,False,False,False,True,False,False,2013,17
2013-07-19,26591,14.671052862497335,92.5,100.0,82.9,8.9,0.0,7,False,False,False,False,False,False,False,False,False,False,False,False,False,False,False,False,False,False,False,False,False,False,False,False,False,False,False,False,False,False,2013,18
2013-07-20,25278,17.947821557612695,89.2,100.0,82.9,11.3,0.0,7,False,True,False,False,False,False,False,True,False,False,False,False,False,True,False,False,False,False,False,True,False,False,False,False,False,True,False,False,False,False,2013,19
2013-07-21,30297,18.70789902190536,82.2,95.0,77.0,7.6,0.0,7,False,False,True,False,False,False,False,False,True,False,False,False,False,False,True,False,False,False,False,False,True,False,False,False,False,False,True,False,False,False,2013,20
2013-07-22,25979,14.700189255424256,77.1,87.1,75.0,8.3,0.0,7,True,False,False,False,False,False,True,False,False,False,False,False,True,False,False,False,False,False,True,False,False,False,False,False,True,False,False,False,False,False,2013,21
2013-07-23,32376,15.737208117123792,80.0,91.0,75.0,7.4,0.58,7,False,False,False,False,True,False,False,False,False,False,True,False,False,False,False,False,True,False,False,False,False,False,True,False,False,False,False,False,True,False,2013,22
2013-07-24,35271,15.592202753914927,79.9,91.0,75.0,7.8,0.31,7,False,False,False,False,False,True,False,False,False,False,False,True,False,False,False,False,False,True,False,False,False,False,False,True,False,False,False,False,False,True,2013,23
2013-07-25,31084,14.937073199502423,68.0,82.9,64.0,11.7,0.0,7,False,False,False,True,False,False,False,False,False,True,False,False,False,False,False,True,False,False,False,False,False,True,False,False,False,False,False,True,False,False,2013,24
2013-07-26,34534,15.667923881778345,71.5,84.0,64.0,8.6,0.02,7,False,False,False,False,False,False,False,False,False,False,False,False,False,False,False,False,False,False,False,False,False,False,False,False,False,False,False,False,False,False,2013,25
2013-07-27,32470,18.914398419053487,76.9,84.0,64.9,8.5,0.0,7,False,True,False,False,False,False,False,True,False,False,False,False,False,True,False,False,False,False,False,True,False,False,False,False,False,True,False,False,False,False,2013,26
2013-07-28,23508,17.54357310986332,74.8,84.0,71.1,7.6,0.0,7,False,False,True,False,False,False,False,False,True,False,False,False,False,False,True,False,False,False,False,False,True,False,False,False,False,False,True,False,False,False,2013,27
2013-07-29,34915,15.691451620602416,77.3,89.1,71.1,5.7,0.13,7,True,False,False,False,False,False,True,False,False,False,False,False,True,False,False,False,False,False,True,False,False,False,False,False,True,False,False,False,False,False,2013,28
2013-07-30,37334,15.828179853931172,75.9,89.1,70.0,8.7,0.0,7,False,False,False,False,True,False,False,False,False,False,True,False,False,False,False,False,True,False,False,False,False,False,True,False,False,False,False,False,True,False,2013,29
2013-07-31,37261,15.392547167279464,76.1,82.0,70.0,6.2,0.0,7,False,False,False,False,False,True,False,False,False,False,False,True,False,False,False,False,False,True,False,False,False,False,False,True,False,False,False,False,False,True,2013,30
2013-08-01,20138,13.377141887641937,73.5,82.0,69.1,7.6,0.0,8,False,False,False,True,False,False,False,False,False,True,False,False,False,False,False,True,False,False,False,False,False,True,False,False,False,False,False,True,False,False,2013,31
2013-08-02,35792,16.090496479660263,75.5,86.0,69.1,7.3,0.5,8,False,False,False,False,False,False,False,False,False,False,False,False,False,False,False,False,False,False,False,False,False,False,False,False,False,False,False,False,False,False,2013,32
2013-08-03,29540,18.492146806589925,76.4,86.0,70.0,8.1,0.0,8,False,True,False,False,False,False,False,True,False,False,False,False,False,True,False,False,False,False,False,True,False,False,False,False,False,True,False,False,False,False,2013,33
2013-08-04,35253,19.719960003403965,74.6,81.0,70.0,8.7,0.01,8,False,False,True,False,False,False,False,False,True,False,False,False,False,False,True,False,False,False,False,False,True,False,False,False,False,False,True,False,False,False,2013,34
2013-08-05,36776,16.118436842868544,71.5,81.0,64.0,9.4,0.0,8,True,False,False,False,False,False,True,False,False,False,False,False,True,False,False,False,False,False,True,False,False,False,False,False,True,False,False,False,False,False,2013,35
2013-08-06,37702,16.159205081958515,73.9,82.0,64.0,6.3,0.0,8,False,False,False,False,True,False,False,False,False,False,True,False,False,False,False,False,True,False,False,False,False,False,True,False,False,False,False,False,True,False,2013,36
2013-08-07,34396,14.686894793968293,74.4,82.0,66.9,9.5,0.0,8,False,False,False,False,False,True,False,False,False,False,False,True,False,False,False,False,False,True,False,False,False,False,False,True,False,False,False,False,False,True,2013,37
2013-08-08,28366,14.319887071376534,75.0,82.0,71.1,9.1,0.16,8,False,False,False,True,False,False,False,False,False,True,False,False,False,False,False,True,False,False,False,False,False,True,False,False,False,False,False,True,False,False,2013,38
2013-08-09,29017,15.138192553790304,78.2,89.1,71.1,9.2,0.08,8,False,False,False,False,False,False,False,False,False,False,False,False,False,False,False,False,False,False,False,False,False,False,False,False,False,False,False,False,False,False,2013,39
2013-08-10,37201,20.443239877064237,78.3,89.1,72.0,8.9,0.04,8,False,True,False,False,False,False,False,True,False,False,False,False,False,True,False,False,False,False,False,True,False,False,False,False,False,True,False,False,False,False,2013,40
2013-08-11,33060,19.43059034079452,74.8,84.0,66.9,5.7,0.0,8,False,False,True,False,False,False,False,False,True,False,False,False,False,False,True,False,False,False,False,False,True,False,False,False,False,False,True,False,False,False,2013,41
2013-08-12,31457,15.305080480232272,74.8,82.0,66.9,5.5,0.09,8,True,False,False,False,False,False,True,False,False,False,False,False,True,False,False,False,False,False,True,False,False,False,False,False,True,False,False,False,False,False,2013,42
2013-08-13,22437,15.649830636894416,74.0,82.0,70.0,5.3,0.01,8,False,False,False,False,True,False,False,False,False,False,True,False,False,False,False,False,True,False,False,False,False,False,True,False,False,False,False,False,True,False,2013,43
2013-08-14,38150,15.55513237221494,69.5,78.1,62.1,12.4,0.73,8,False,False,False,False,False,True,False,False,False,False,False,True,False,False,False,False,False,True,False,False,False,False,False,True,False,False,False,False,False,True,2013,44
2013-08-15,37386,15.298375060182956,69.8,78.1,62.1,8.2,0.0,8,False,False,False,True,False,False,False,False,False,True,False,False,False,False,False,True,False,False,False,False,False,True,False,False,False,False,False,True,False,False,2013,45
2013-08-16,35991,16.389049114130383,72.6,81.0,63.0,3.7,0.0,8,False,False,False,False,False,False,False,False,False,False,False,False,False,False,False,False,False,False,False,False,False,False,False,False,False,False,False,False,False,False,2013,46
2013-08-17,37285,20.104246122211794,73.6,81.0,66.9,5.2,0.0,8,False,True,False,False,False,False,False,True,False,False,False,False,False,True,False,False,False,False,False,True,False,False,False,False,False,True,False,False,False,False,2013,47
2013-08-18,27612,16.943679680332224,72.5,81.0,68.0,5.2,0.0,8,False,False,True,False,False,False,False,False,True,False,False,False,False,False,True,False,False,False,False,False,True,False,False,False,False,False,True,False,False,False,2013,48
2013-08-19,33127,14.89228172387076,73.5,80.1,68.0,5.5,0.0,8,True,False,False,False,False,False,True,False,False,False,False,False,True,False,False,False,False,False,True,False,False,False,False,False,True,False,False,False,False,False,2013,49
2013-08-20,35843,14.974709148229778,77.5,89.1,68.0,4.5,0.0,8,False,False,False,False,True,False,False,False,False,False,True,False,False,False,False,False,True,False,False,False,False,False,True,False,False,False,False,False,True,False,2013,50
2013-08-21,36315,15.094893294781771,81.1,90.0,70.0,4.5,0.0,8,False,False,False,False,False,True,False,False,False,False,False,True,False,False,False,False,False,True,False,False,False,False,False,True,False,False,False,False,False,True,2013,51
2013-08-22,26629,14.405246786085344,77.5,90.0,73.0,5.8,0.0,8,False,False,False,True,False,False,False,False,False,True,False,False,False,False,False,True,False,False,False,False,False,True,False,False,False,False,False,True,False,False,2013,52
2013-08-23,33503,15.743948303137028,76.2,81.0,72.0,9.0,0.24,8,False,False,False,False,False,False,False,False,False,False,False,False,False,False,False,False,False,False,False,False,False,False,False,False,False,False,False,False,False,False,2013,53
2013-08-24,32941,18.07967173633669,71.5,81.0,64.0,8.9,0.0,8,False,True,False,False,False,False,False,True,False,False,False,False,False,True,False,False,False,False,False,True,False,False,False,False,False,True,False,False,False,False,2013,54
2013-08-25,31755,19.063203694956176,73.8,82.9,64.0,4.8,0.0,8,False,False,True,False,False,False,False,False,True,False,False,False,False,False,True,False,False,False,False,False,True,False,False,False,False,False,True,False,False,False,2013,55
2013-08-26,29979,15.47495413456086,75.3,84.0,66.9,9.1,0.0,8,True,False,False,False,False,False,True,False,False,False,False,False,True,False,False,False,False,False,True,False,False,False,False,False,True,False,False,False,False,False,2013,56
2013-08-27,34208,15.067807725288436,78.3,86.0,70.0,10.6,0.01,8,False,False,False,False,True,False,False,False,False,False,True,False,False,False,False,False,True,False,False,False,False,False,True,False,False,False,False,False,True,False,2013,57
2013-08-28,28185,14.159055644255217,78.0,86.0,73.0,3.2,0.1,8,False,False,False,False,False,True,False,False,False,False,False,True,False,False,False,False,False,True,False,False,False,False,False,True,False,False,False,False,False,True,2013,58
2013-08-29,34215,14.31313556432364,74.6,84.9,71.1,7.3,0.0,8,False,False,False,True,False,False,False,False,False,True,False,False,False,False,False,True,False,False,False,False,False,True,False,False,False,False,False,True,False,False,2013,59
2013-08-30,32318,15.444152897250245,75.4,86.0,69.1,7.4,0.0,8,False,False,False,False,False,False,False,False,False,False,False,False,False,False,False,False,False,False,False,False,False,False,False,False,False,False,False,False,False,False,2013,60
2013-08-31,25381,17.858579252196535,78.5,86.0,69.1,8.8,0.0,8,False,True,False,False,False,False,False,True,False,False,False,False,False,True,False,False,False,False,False,True,False,False,False,False,False,True,False,False,False,False,2013,61
2013-09-01,25235,18.374891354600088,79.6,86.0,73.0,8.0,0.0,9,False,False,True,False,False,False,False,False,True,False,False,False,False,False,True,False,False,False,False,False,True,False,False,False,False,False,True,False,False,False,2013,62
2013-09-02,21416,16.858852415639397,76.9,80.6,71.6,4.8,0.0,9,True,False,False,False,False,False,True,False,False,False,False,False,True,False,False,False,False,False,True,False,False,False,False,False,True,False,False,False,False,False,2013,63
2013-09-03,32411,14.437786553947737,76.2,82.0,72.0,6.7,0.99,9,False,False,False,False,True,False,False,False,False,False,True,False,False,False,False,False,True,False,False,False,False,False,True,False,False,False,False,False,True,False,2013,64
2013-09-04,36798,15.071607152562642,73.3,82.0,66.0,10.4,0.09,9,False,False,False,False,False,True,False,False,False,False,False,True,False,False,False,False,False,True,False,False,False,False,False,True,False,False,False,False,False,True,2013,65
2013-09-05,35825,14.598231681786464,74.3,82.0,66.0,9.3,0.0,9,False,False,False,True,False,False,False,False,False,True,False,False,False,False,False,True,False,False,False,False,False,True,False,False,False,False,False,True,False,False,2013,66
2013-09-06,35868,14.809940150923758,64.8,77.0,57.0,7.5,0.0,9,False,False,False,False,False,False,False,False,False,False,False,False,False,False,False,False,False,False,False,False,False,False,False,False,False,False,False,False,False,False,2013,67
2013-09-07,34419,17.375818104341604,68.3,79.0,57.0,6.5,0.0,9,False,True,False,False,False,False,False,True,False,False,False,False,False,True,False,False,False,False,False,True,False,False,False,False,False,True,False,False,False,False,2013,68
2013-09-08,33196,17.081960175924806,73.9,80.1,61.0,8.7,0.0,9,False,False,True,False,False,False,False,False,True,False,False,False,False,False,True,False,False,False,False,False,True,False,False,False,False,False,True,False,False,False,2013,69
2013-09-09,35394,15.262479987191798,65.9,80.1,57.9,7.7,0.0,9,True,False,False,False,False,False,True,False,False,False,False,False,True,False,False,False,False,False,True,False,False,False,False,False,True,False,False,False,False,False,2013,70
2013-09-10,36954,14.481477873392144,74.8,88.0,57.9,8.8,0.0,9,False,False,False,False,True,False,False,False,False,False,True,False,False,False,False,False,True,False,False,False,False,False,True,False,False,False,False,False,True,False,2013,71
2013-09-11,35812,14.02912990059198,83.6,93.9,69.1,7.5,0.0,9,False,False,False,False,False,True,False,False,False,False,False,True,False,False,False,False,False,True,False,False,False,False,False,True,False,False,False,False,False,True,2013,72
2013-09-12,31252,13.67864350014932,80.6,88.0,71.1,8.4,0.0,9,False,False,False,True,False,False,False,False,False,True,False,False,False,False,False,True,False,False,False,False,False,True,False,False,False,False,False,True,False,False,2013,73
2013-09-13,36501,14.655901208186071,71.3,86.0,68.0,9.4,1.3,9,False,False,False,False,False,False,False,False,False,False,False,False,False,False,False,False,False,False,False,False,False,False,False,False,False,False,False,False,False,False,2013,74
2013-09-14,31607,16.690705118064564,61.6,77.0,55.9,10.8,0.03,9,False,True,False,False,False,False,False,True,False,False,False,False,False,True,False,False,False,False,False,True,False,False,False,False,False,True,False,False,False,False,2013,75
2013-09-15,31914,17.268670489440368,61.5,73.0,54.0,6.9,0.0,9,False,False,True,False,False,False,False,False,True,False,False,False,False,False,True,False,False,False,False,False,True,False,False,False,False,False,True,False,False,False,2013,76
2013-09-16,31287,13.804180650110272,65.8,73.0,54.0,6.9,0.0,9,True,False,False,False,False,False,True,False,False,False,False,False,True,False,False,False,False,False,True,False,False,False,False,False,True,False,False,False,False,False,2013,77
2013-09-17,38283,13.883002028750797,58.2,72.0,48.9,10.1,0.02,9,False,False,False,False,True,False,False,False,False,False,True,False,False,False,False,False,True,False,False,False,False,False,True,False,False,False,False,False,True,False,2013,78
2013-09-18,37957,13.932727384496486,61.8,71.1,48.9,5.0,0.0,9,False,False,False,False,False,True,False,False,False,False,False,True,False,False,False,False,False,True,False,False,False,False,False,True,False,False,False,False,False,True,2013,79
2013-09-19,39200,14.114456207482991,65.0,77.0,55.0,5.4,0.0,9,False,False,False,True,False,False,False,False,False,True,False,False,False,False,False,True,False,False,False,False,False,True,False,False,False,False,False,True,False,False,2013,80
2013-09-20,39382,14.81144685389264,68.1,78.1,57.0,5.8,0.0,9,False,False,False,False,False,False,False,False,False,False,False,False,False,False,False,False,False,False,False,False,False,False,False,False,False,False,False,False,False,False,2013,81
2013-09-21,31826,17.04590691049247,67.4,78.1,61.0,9.4,0.0,9,False,True,False,False,False,False,False,True,False,False,False,False,False,True,False,False,False,False,False,True,False,False,False,False,False,True,False,False,False,False,2013,82
2013-09-22,29758,16.50093868315523,66.3,75.9,61.0,12.9,0.98,9,False,False,True,False,False,False,False,False,True,False,False,False,False,False,True,False,False,False,False,False,True,False,False,False,False,False,True,False,False,False,2013,83
2013-09-23,35152,13.871636037778789,58.5,68.0,52.0,10.6,0.53,9,True,False,False,False,False,False,True,False,False,False,False,False,True,False,False,False,False,False,True,False,False,False,False,False,True,False,False,False,False,False,2013,84
2013-09-24,38417,13.784679525557266,59.1,73.0,50.0,8.0,0.0,9,False,False,False,False,True,False,False,False,False,False,True,False,False,False,False,False,True,False,False,False,False,False,True,False,False,False,False,False,True,False,2013,85
2013-09-25,38223,13.994420898411953,64.1,73.0,50.0,5.4,0.0,9,False,False,False,False,False,True,False,False,False,False,False,True,False,False,False,False,False,True,False,False,False,False,False,True,False,False,False,False,False,True,2013,86
2013-09-26,38189,13.785808304311011,63.9,72.0,55.0,6.2,0.0,9,False,False,False,True,False,False,False,False,False,True,False,False,False,False,False,True,False,False,False,False,False,True,False,False,False,False,False,True,False,False,2013,87
2013-09-27,37412,14.230190402366448,61.5,69.1,57.0,6.4,0.0,9,False,False,False,False,False,False,False,False,False,False,False,False,False,False,False,False,False,False,False,False,False,False,False,False,False,False,False,False,False,False,2013,88
2013-09-28,34931,17.024874753084653,64.4,73.0,57.0,7.3,0.0,9,False,True,False,False,False,False,False,True,False,False,False,False,False,True,False,False,False,False,False,True,False,False,False,False,False,True,False,False,False,False,2013,89
2013-09-29,32592,16.523521109474718,64.6,73.0,57.9,4.9,0.0,9,False,False,True,False,False,False,False,False,True,False,False,False,False,False,True,False,False,False,False,False,True,False,False,False,False,False,True,False,False,False,2013,90
2013-09-30,37148,13.72839722192312,63.9,73.0,57.9,4.1,0.0,9,True,False,False,False,False,False,True,False,False,False,False,False,True,False,False,False,False,False,True,False,False,False,False,False,True,False,False,False,False,False,2013,91
2013-10-01,40575,13.70624399260628,68.9,81.0,57.9,5.5,0.0,10,False,False,False,False,True,False,False,False,False,False,True,False,False,False,False,False,True,False,False,False,False,False,True,False,False,False,False,False,True,False,2013,92
2013-10-02,41383,13.91375202377788,73.9,84.0,62.1,6.0,0.0,10,False,False,False,False,False,True,False,False,False,False,False,True,False,False,False,False,False,True,False,False,False,False,False,True,False,False,False,False,False,True,2013,93
2013-10-03,40456,13.724642409860918,72.6,84.0,64.9,4.3,0.0,10,False,False,False,True,False,False,False,False,False,True,False,False,False,False,False,True,False,False,False,False,False,True,False,False,False,False,False,True,False,False,2013,94
2013-10-04,40195,14.67306008209977,74.0,86.0,64.9,4.9,0.0,10,False,False,False,False,False,False,False,False,False,False,False,False,False,False,False,False,False,False,False,False,False,False,False,False,False,False,False,False,False,False,2013,95
2013-10-05,34181,16.759140068069005,68.3,86.0,64.0,6.7,0.03,10,False,True,False,False,False,False,False,True,False,False,False,False,False,True,False,False,False,False,False,True,False,False,False,False,False,True,False,False,False,False,2013,96
2013-10-06,26574,14.685509018840468,66.5,73.0,64.0,7.6,0.01,10,False,False,True,False,False,False,False,False,True,False,False,False,False,False,True,False,False,False,False,False,True,False,False,False,False,False,True,False,False,False,2013,97
2013-10-07,25016,12.651673595565503,70.7,77.0,64.0,11.8,0.33,10,True,False,False,False,False,False,True,False,False,False,False,False,True,False,False,False,False,False,True,False,False,False,False,False,True,False,False,False,False,False,2013,98
2013-10-08,38365,13.779678960858416,61.6,77.0,55.9,10.2,0.0,10,False,False,False,False,True,False,False,False,False,False,True,False,False,False,False,False,True,False,False,False,False,False,True,False,False,False,False,False,True,False,2013,99
2013-10-09,36969,12.841222375503802,59.7,66.0,54.0,12.3,0.0,10,False,False,False,False,False,True,False,False,False,False,False,True,False,False,False,False,False,True,False,False,False,False,False,True,False,False,False,False,False,True,2013,100
2013-10-10,31171,12.400746420283806,59.1,66.0,54.0,13.2,0.0,10,False,False,False,True,False,False,False,False,False,True,False,False,False,False,False,True,False,False,False,False,False,True,False,False,False,False,False,True,False,False,2013,101
2013-10-11,33357,13.342567277233169,63.7,69.1,54.0,16.4,0.0,10,False,False,False,False,False,False,False,False,False,False,False,False,False,False,False,False,False,False,False,False,False,False,False,False,False,False,False,False,False,False,2013,102
2013-10-12,32457,16.876973636914478,65.7,72.0,60.1,15.5,0.0,10,False,True,False,False,False,False,False,True,False,False,False,False,False,True,False,False,False,False,False,True,False,False,False,False,False,True,False,False,False,False,2013,103
2013-10-13,28832,15.950881543655193,60.9,72.0,57.0,15.0,0.0,10,False,False,True,False,False,False,False,False,True,False,False,False,False,False,True,False,False,False,False,False,True,False,False,False,False,False,True,False,False,False,2013,104
2013-10-14,33018,13.908640741413771,58.0,64.9,53.1,6.6,0.0,10,True,False,False,False,False,False,True,False,False,False,False,False,True,False,False,False,False,False,True,False,False,False,False,False,True,False,False,False,False,False,2013,105
2013-10-15,37534,13.481594465462427,60.4,70.0,53.1,4.7,0.0,10,False,False,False,False,True,False,False,False,False,False,True,False,False,False,False,False,True,False,False,False,False,False,True,False,False,False,False,False,True,False,2013,106
2013-10-16,36911,13.33735246042282,60.1,70.0,55.9,5.6,0.0,10,False,False,False,False,False,True,False,False,False,False,False,True,False,False,False,False,False,True,False,False,False,False,False,True,False,False,False,False,False,True,2013,107
2013-10-17,36888,13.387314302754284,64.7,73.0,57.0,6.7,0.0,10,False,False,False,True,False,False,False,False,False,True,False,False,False,False,False,True,False,False,False,False,False,True,False,False,False,False,False,True,False,False,2013,108
2013-10-18,38122,13.878873091653112,64.2,73.0,57.9,11.5,0.01,10,False,False,False,False,False,False,False,False,False,False,False,False,False,False,False,False,False,False,False,False,False,False,False,False,False,False,False,False,False,False,2013,109
2013-10-19,29548,15.613899417896306,59.4,69.1,54.0,5.9,0.0,10,False,True,False,False,False,False,False,True,False,False,False,False,False,True,False,False,False,False,False,True,False,False,False,False,False,True,False,False,False,False,2013,110
2013-10-20,29256,15.908528165162702,58.4,64.0,51.1,10.4,0.0,10,False,False,True,False,False,False,False,False,True,False,False,False,False,False,True,False,False,False,False,False,True,False,False,False,False,False,True,False,False,False,2013,111
2013-10-21,35012,13.790265718420349,59.3,66.9,51.1,7.3,0.0,10,True,False,False,False,False,False,True,False,False,False,False,False,True,False,False,False,False,False,True,False,False,False,False,False,True,False,False,False,False,False,2013,112
2013-10-22,36338,12.581991762525917,59.6,68.0,52.0,7.6,0.0,10,False,False,False,False,True,False,False,False,False,False,True,False,False,False,False,False,True,False,False,False,False,False,True,False,False,False,False,False,True,False,2013,113
2013-10-23,32365,12.02263041351254,52.8,68.0,50.0,7.8,0.0,10,False,False,False,False,False,True,False,False,False,False,False,True,False,False,False,False,False,True,False,False,False,False,False,True,False,False,False,False,False,True,2013,114
2013-10-24,32251,12.115275495333476,48.4,55.0,43.0,11.8,0.0,10,False,False,False,True,False,False,False,False,False,True,False,False,False,False,False,True,False,False,False,False,False,True,False,False,False,False,False,True,False,False,2013,115
2013-10-25,30979,12.511262468123563,47.4,55.0,42.1,13.0,0.0,10,False,False,False,False,False,False,False,False,False,False,False,False,False,False,False,False,False,False,False,False,False,False,False,False,False,False,False,False,False,False,2013,116
2013-10-26,24569,14.574459006607238,49.5,55.9,42.1,10.1,0.0,10,False,True,False,False,False,False,False,True,False,False,False,False,False,True,False,False,False,False,False,True,False,False,False,False,False,True,False,False,False,False,2013,117
2013-10-27,23965,14.660169691911822,53.0,59.0,43.0,10.3,0.0,10,False,False,True,False,False,False,False,False,True,False,False,False,False,False,True,False,False,False,False,False,True,False,False,False,False,False,True,False,False,False,2013,118
2013-10-28,31498,12.784571507185644,53.0,61.0,44.1,7.7,0.0,10,True,False,False,False,False,False,True,False,False,False,False,False,True,False,False,False,False,False,True,False,False,False,False,False,True,False,False,False,False,False,2013,119
2013-10-29,33414,12.575373097105002,50.5,61.0,44.1,8.0,0.0,10,False,False,False,False,True,False,False,False,False,False,True,False,False,False,False,False,True,False,False,False,False,False,True,False,False,False,False,False,True,False,2013,120
2013-10-30,35069,12.160374784947772,52.9,60.1,44.1,4.5,0.0,10,False,False,False,False,False,True,False,False,False,False,False,True,False,False,False,False,False,True,False,False,False,False,False,True,False,False,False,False,False,True,2013,121
2013-10-31,31444,12.928038735529828,59.3,66.9,48.0,6.2,0.0,10,False,False,False,True,False,False,False,False,False,True,False,False,False,False,False,True,False,False,False,False,False,True,False,False,False,False,False,True,False,False,2013,122
2013-11-01,30384,13.633155059680536,65.9,70.0,53.1,12.1,0.05,11,False,False,False,False,False,False,False,False,False,False,False,False,False,False,False,False,False,False,False,False,False,False,False,False,False,False,False,False,False,False,2013,123
2013-11-02,31013,16.58799052010447,61.5,70.0,55.0,5.7,0.05,11,False,True,False,False,False,False,False,True,False,False,False,False,False,True,False,False,False,False,False,True,False,False,False,False,False,True,False,False,False,False,2013,124
2013-11-03,20798,13.263860307080808,50.9,68.0,42.1,11.2,0.01,11,False,False,True,False,False,False,False,False,True,False,False,False,False,False,True,False,False,False,False,False,True,False,False,False,False,False,True,False,False,False,2013,125
2013-11-04,27142,12.36759634514774,39.5,55.9,34.0,10.3,0.0,11,True,False,False,False,False,False,True,False,False,False,False,False,True,False,False,False,False,False,True,False,False,False,False,False,True,False,False,False,False,False,2013,126
2013-11-05,31493,12.214110013865517,46.8,55.0,34.0,6.7,0.0,11,False,False,False,False,True,False,False,False,False,False,True,False,False,False,False,False,True,False,False,False,False,False,True,False,False,False,False,False,True,False,2013,127
2013-11-06,34826,13.005698328834784,53.2,61.0,42.1,5.9,0.0,11,False,False,False,False,False,True,False,False,False,False,False,True,False,False,False,False,False,True,False,False,False,False,False,True,False,False,False,False,False,True,2013,128
2013-11-07,25719,11.869835530152804,58.3,63.0,46.9,9.2,0.0,11,False,False,False,True,False,False,False,False,False,True,False,False,False,False,False,True,False,False,False,False,False,True,False,False,False,False,False,True,False,False,2013,129
2013-11-08,28686,12.609130470148044,46.0,63.0,41.0,14.2,0.08,11,False,False,False,False,False,False,False,False,False,False,False,False,False,False,False,False,False,False,False,False,False,False,False,False,False,False,False,False,False,False,2013,130
2013-11-09,21734,14.408419220269316,44.3,50.0,39.9,10.3,0.0,11,False,True,False,False,False,False,False,True,False,False,False,False,False,True,False,False,False,False,False,True,False,False,False,False,False,True,False,False,False,False,2013,131
2013-11-10,19712,13.913954274891772,50.1,60.1,39.9,11.0,0.0,11,False,False,True,False,False,False,False,False,True,False,False,False,False,False,True,False,False,False,False,False,True,False,False,False,False,False,True,False,False,False,2013,132
2013-11-11,27295,12.653236856567135,48.6,60.1,44.1,13.6,0.0,11,True,False,False,False,False,False,True,False,False,False,False,False,True,False,False,False,False,False,True,False,False,False,False,False,True,False,False,False,False,False,2013,133
2013-11-12,19925,11.081814303638648,43.9,53.1,34.0,13.4,0.02,11,False,False,False,False,True,False,False,False,False,False,True,False,False,False,False,False,True,False,False,False,False,False,True,False,False,False,False,False,True,False,2013,134
2013-11-13,23633,11.125149861069971,34.0,52.0,30.0,13.4,0.01,11,False,False,False,False,False,True,False,False,False,False,False,True,False,False,False,False,False,True,False,False,False,False,False,True,False,False,False,False,False,True,2013,135
2013-11-14,27040,13.027827292899412,41.0,53.1,30.0,11.6,0.0,11,False,False,False,True,False,False,False,False,False,True,False,False,False,False,False,True,False,False,False,False,False,True,False,False,False,False,False,True,False,False,2013,136
2013-11-15,29051,12.719770403772674,49.1,57.0,34.0,6.2,0.0,11,False,False,False,False,False,False,False,False,False,False,False,False,False,False,False,False,False,False,False,False,False,False,False,False,False,False,False,False,False,False,2013,137
2013-11-16,25194,15.311708475562964,51.9,59.0,43.0,5.5,0.03,11,False,True,False,False,False,False,False,True,False,False,False,False,False,True,False,False,False,False,False,True,False,False,False,False,False,True,False,False,False,False,2013,138
2013-11-17,17995,13.467926275817357,52.6,60.8,48.2,4.5,0.02,11,False,False,True,False,False,False,False,False,True,False,False,False,False,False,True,False,False,False,False,False,True,False,False,False,False,False,True,False,False,False,2013,139
2013-11-18,30615,13.219170885731396,60.3,64.9,48.9,11.4,0.25,11,True,False,False,False,False,False,True,False,False,False,False,False,True,False,False,False,False,False,True,False,False,False,False,False,True,False,False,False,False,False,2013,140
2013-11-19,27417,11.477858019963282,48.3,64.9,41.0,16.8,0.23,11,False,False,False,False,True,False,False,False,False,False,True,False,False,False,False,False,True,False,False,False,False,False,True,False,False,False,False,False,True,False,2013,141
2013-11-20,26229,11.41348634463126,38.0,51.1,32.0,9.0,0.0,11,False,False,False,False,False,True,False,False,False,False,False,True,False,False,False,False,False,True,False,False,False,False,False,True,False,False,False,False,False,True,2013,142
2013-11-21,28752,11.77222859859024,41.6,52.0,32.0,6.4,0.0,11,False,False,False,True,False,False,False,False,False,True,False,False,False,False,False,True,False,False,False,False,False,True,False,False,False,False,False,True,False,False,2013,143
2013-11-22,25448,12.09438462747564,52.4,57.0,36.0,6.4,0.0,11,False,False,False,False,False,False,False,False,False,False,False,False,False,False,False,False,False,False,False,False,False,False,False,False,False,False,False,False,False,False,2013,144
2013-11-23,18996,14.306489962799189,47.4,57.0,39.9,12.8,0.07,11,False,True,False,False,False,False,False,True,False,False,False,False,False,True,False,False,False,False,False,True,False,False,False,False,False,True,False,False,False,False,2013,145
2013-11-24,9392,11.097677101078927,29.4,55.0,24.1,22.2,0.02,11,False,False,True,False,False,False,False,False,True,False,False,False,False,False,True,False,False,False,False,False,True,False,False,False,False,False,True,False,False,False,2013,146
2013-11-25,19116,11.0175263304736,27.9,35.1,24.1,11.9,0.0,11,True,False,False,False,False,False,True,False,False,False,False,False,True,False,False,False,False,False,True,False,False,False,False,False,True,False,False,False,False,False,2013,147
2013-11-26,14999,13.04099051047848,36.0,39.9,24.1,7.0,0.0,11,False,False,False,False,True,False,False,False,False,False,True,False,False,False,False,False,True,False,False,False,False,False,True,False,False,False,False,False,True,False,2013,148
2013-11-27,7976,11.025576730190574,48.0,60.1,34.0,13.7,1.91,11,False,False,False,False,False,True,False,False,False,False,False,True,False,False,False,False,False,True,False,False,False,False,False,True,False,False,False,False,False,True,2013,149
2013-11-28,5204,13.90529400461184,34.1,39.2,30.9,17.9,0.3,11,False,False,False,True,False,False,False,False,False,True,False,False,False,False,False,True,False,False,False,False,False,True,False,False,False,False,False,True,False,False,2013,150
2013-11-29,10127,13.154390902208617,34.1,39.0,30.9,7.2,0.0,11,False,False,False,False,False,False,False,False,False,False,False,False,False,False,False,False,False,False,False,False,False,False,False,False,False,False,False,False,False,False,2013,151
2013-11-30,9863,13.67997059718138,31.3,39.0,25.0,7.2,0.0,11,False,True,False,False,False,False,False,True,False,False,False,False,False,True,False,False,False,False,False,True,False,False,False,False,False,True,False,False,False,False,2013,152
2013-12-01,13326,13.558320826454548,41.1,48.9,25.0,3.2,0.0,12,False,False,True,False,False,False,False,False,True,False,False,False,False,False,True,False,False,False,False,False,True,False,False,False,False,False,True,False,False,False,2013,153
2013-12-02,24576,12.382666693793402,44.2,48.9,37.0,4.5,0.0,12,True,False,False,False,False,False,True,False,False,False,False,False,True,False,False,False,False,False,True,False,False,False,False,False,True,False,False,False,False,False,2013,154
2013-12-03,27431,12.168702684310936,44.0,53.1,37.9,4.0,0.0,12,False,False,False,False,True,False,False,False,False,False,True,False,False,False,False,False,True,False,False,False,False,False,True,False,False,False,False,False,True,False,2013,155
2013-12-04,28199,12.269936286156726,43.8,53.1,37.9,4.3,0.0,12,False,False,False,False,False,True,False,False,False,False,False,True,False,False,False,False,False,True,False,False,False,False,False,True,False,False,False,False,False,True,2013,156
2013-12-05,26988,12.38379032656489,48.6,57.9,39.0,5.3,0.01,12,False,False,False,True,False,False,False,False,False,True,False,False,False,False,False,True,False,False,False,False,False,True,False,False,False,False,False,True,False,False,2013,157
2013-12-06,10736,11.621933991554894,50.5,57.9,42.8,7.1,0.05,12,False,False,False,False,False,False,False,False,False,False,False,False,False,False,False,False,False,False,False,False,False,False,False,False,False,False,False,False,False,False,2013,158
2013-12-07,15545,12.23048461455988,38.2,43.0,35.6,10.7,0.81,12,False,True,False,False,False,False,False,True,False,False,False,False,False,True,False,False,False,False,False,True,False,False,False,False,False,True,False,False,False,False,2013,159
2013-12-08,10090,12.172482656095138,32.1,37.9,28.4,8.7,0.13,12,False,False,True,False,False,False,False,False,True,False,False,False,False,False,True,False,False,False,False,False,True,False,False,False,False,False,True,False,False,False,2013,160
2013-12-09,14824,10.7187466270912,34.5,39.2,28.9,10.9,0.19,12,True,False,False,False,False,False,True,False,False,False,False,False,True,False,False,False,False,False,True,False,False,False,False,False,True,False,False,False,False,False,2013,161
2013-12-10,12850,11.553900129701685,36.0,39.0,32.0,8.5,0.07,12,False,False,False,False,True,False,False,False,False,False,True,False,False,False,False,False,True,False,False,False,False,False,True,False,False,False,False,False,True,False,2013,162
2013-12-11,18766,11.960985292550358,30.7,39.0,27.0,13.2,0.22,12,False,False,False,False,False,True,False,False,False,False,False,True,False,False,False,False,False,True,False,False,False,False,False,True,False,False,False,False,False,True,2013,163
2013-12-12,17214,11.461365748809106,27.6,34.0,23.0,12.5,0.0,12,False,False,False,True,False,False,False,False,False,True,False,False,False,False,False,True,False,False,False,False,False,True,False,False,False,False,False,True,False,False,2013,164
2013-12-13,17888,12.056676729278475,28.2,35.1,23.0,13.0,0.0,12,False,False,False,False,False,False,False,False,False,False,False,False,False,False,False,False,False,False,False,False,False,False,False,False,False,False,False,False,False,False,2013,165
2013-12-14,3701,12.055358912005763,28.6,35.1,24.1,12.0,0.0,12,False,True,False,False,False,False,False,True,False,False,False,False,False,True,False,False,False,False,False,True,False,False,False,False,False,True,False,False,False,False,2013,166
2013-12-15,7462,15.226145805414092,33.7,39.0,24.1,14.2,1.21,12,False,False,True,False,False,False,False,False,True,False,False,False,False,False,True,False,False,False,False,False,True,False,False,False,False,False,True,False,False,False,2013,167
2013-12-16,15562,11.222348241442834,31.0,39.0,26.1,12.0,0.77,12,True,False,False,False,False,False,True,False,False,False,False,False,True,False,False,False,False,False,True,False,False,False,False,False,True,False,False,False,False,False,2013,168
2013-12-17,7863,12.22394548306414,27.2,34.0,24.1,7.3,0.0,12,False,False,False,False,True,False,False,False,False,False,True,False,False,False,False,False,True,False,False,False,False,False,True,False,False,False,False,False,True,False,2013,169
2013-12-18,14924,11.485891852050388,28.6,37.0,24.1,9.4,0.16,12,False,False,False,False,False,True,False,False,False,False,False,True,False,False,False,False,False,True,False,False,False,False,False,True,False,False,False,False,False,True,2013,170
2013-12-19,18766,11.242665814060894,36.6,45.0,24.1,9.6,0.0,12,False,False,False,True,False,False,False,False,False,True,False,False,False,False,False,True,False,False,False,False,False,True,False,False,False,False,False,True,False,False,2013,171
2013-12-20,22066,14.08452823348137,45.2,52.0,30.9,5.4,0.0,12,False,False,False,False,False,False,False,False,False,False,False,False,False,False,False,False,False,False,False,False,False,False,False,False,False,False,False,False,False,False,2013,172
2013-12-21,17940,14.476455778521,53.6,60.1,37.9,6.6,0.0,12,False,True,False,False,False,False,False,True,False,False,False,False,False,True,False,False,False,False,False,True,False,False,False,False,False,True,False,False,False,False,2013,173
2013-12-22,15063,15.070312465422996,58.4,69.1,50.0,9.0,0.01,12,False,False,True,False,False,False,False,False,True,False,False,False,False,False,True,False,False,False,False,False,True,False,False,False,False,False,True,False,False,False,2013,174
2013-12-23,6956,11.88599051178838,58.5,69.1,50.0,6.2,0.09,12,True,False,False,False,False,False,True,False,False,False,False,False,True,False,False,False,False,False,True,False,False,False,False,False,True,False,False,False,False,False,2013,175
2013-12-24,11025,12.73603476946334,39.2,62.1,34.0,10.7,0.44,12,False,False,False,False,True,False,False,False,False,False,True,False,False,False,False,False,True,False,False,False,False,False,True,False,False,False,False,False,True,False,2013,176
2013-12-25,3260,13.754074642126785,25.6,42.1,19.0,10.3,0.0,12,False,False,False,False,False,True,False,False,False,False,False,True,False,False,False,False,False,True,False,False,False,False,False,True,False,False,False,False,False,True,2013,177
2013-12-26,9763,11.935071187135105,31.7,36.0,19.0,6.2,0.0,12,False,False,False,True,False,False,False,False,False,True,False,False,False,False,False,True,False,False,False,False,False,True,False,False,False,False,False,True,False,False,2013,178
2013-12-27,11720,12.436033845278724,35.6,39.9,30.0,10.3,0.0,12,False,False,False,False,False,False,False,False,False,False,False,False,False,False,False,False,False,False,False,False,False,False,False,False,False,False,False,False,False,False,2013,179
2013-12-28,12022,16.256094382520935,42.4,55.0,32.0,9.3,0.0,12,False,True,False,False,False,False,False,True,False,False,False,False,False,True,False,False,False,False,False,True,False,False,False,False,False,True,False,False,False,False,2013,180
2013-12-29,3775,12.156847682119208,45.2,55.0,36.0,7.1,0.0,12,False,False,True,False,False,False,False,False,True,False,False,False,False,False,True,False,False,False,False,False,True,False,False,False,False,False,True,False,False,False,2013,181
2013-12-30,13241,12.348442967550293,40.5,48.0,28.9,11.3,1.2,12,True,False,False,False,False,False,True,False,False,False,False,False,True,False,False,False,False,False,True,False,False,False,False,False,True,False,False,False,False,False,2013,182
2013-12-31,10424,13.239233179841394,26.0,44.1,21.0,9.9,0.0,12,False,False,False,False,True,False,False,False,False,False,True,False,False,False,False,False,True,False,False,False,False,False,True,False,False,False,False,False,True,False,2013,183
2014-01-01,6059,15.377444022666,28.9,33.1,21.0,9.4,0.0,1,False,False,False,False,False,True,False,False,False,False,False,True,False,False,False,False,False,True,False,False,False,False,False,True,False,False,False,False,False,True,2014,184
2014-01-02,8600,12.980327519379848,28.9,33.1,25.0,14.2,0.01,1,False,False,False,True,False,False,False,False,False,True,False,False,False,False,False,True,False,False,False,False,False,True,False,False,False,False,False,True,False,False,2014,185
2014-01-03,1144,13.388869463869463,16.6,32.0,10.9,16.7,0.3,1,False,False,False,False,False,False,False,False,False,False,False,False,False,False,False,False,False,False,False,False,False,False,False,False,False,False,False,False,False,False,2014,186
2014-01-04,2292,20.398247527632343,15.8,27.0,9.0,6.8,0.25,1,False,True,False,False,False,False,False,True,False,False,False,False,False,True,False,False,False,False,False,True,False,False,False,False,False,True,False,False,False,False,2014,187
2014-01-05,2678,13.737303958177735,29.1,35.6,26.1,4.8,0.0,1,False,False,True,False,False,False,False,False,True,False,False,False,False,False,True,False,False,False,False,False,True,False,False,False,False,False,True,False,False,False,2014,188
2014-01-06,9510,12.805073606729758,44.7,53.1,25.0,11.2,0.17,1,True,False,False,False,False,False,True,False,False,False,False,False,True,False,False,False,False,False,True,False,False,False,False,False,True,False,False,False,False,False,2014,189
2014-01-07,6267,12.10168873996064,14.0,36.0,3.9,19.6,0.24,1,False,False,False,False,True,False,False,False,False,False,True,False,False,False,False,False,True,False,False,False,False,False,True,False,False,False,False,False,True,False,2014,190
2014-01-08,9246,10.233461316605378,12.9,21.9,3.9,11.4,0.0,1,False,False,False,False,False,True,False,False,False,False,False,True,False,False,False,False,False,True,False,False,False,False,False,True,False,False,False,False,False,True,2014,191
2014-01-09,13354,10.864896909789824,25.7,33.1,9.0,7.0,0.0,1,False,False,False,True,False,False,False,False,False,True,False,False,False,False,False,True,False,False,False,False,False,True,False,False,False,False,False,True,False,False,2014,192
2014-01-10,9847,11.194096340679057,30.2,34.0,23.0,4.8,0.0,1,False,False,False,False,False,False,False,False,False,False,False,False,False,False,False,False,False,False,False,False,False,False,False,False,False,False,False,False,False,False,2014,193
2014-01-11,7695,12.369558154645873,43.7,55.0,27.0,9.2,0.22,1,False,True,False,False,False,False,False,True,False,False,False,False,False,True,False,False,False,False,False,True,False,False,False,False,False,True,False,False,False,False,2014,194
2014-01-12,12515,12.069734984685043,47.6,55.9,34.0,13.6,0.45,1,False,False,True,False,False,False,False,False,True,False,False,False,False,False,True,False,False,False,False,False,True,False,False,False,False,False,True,False,False,False,2014,195
2014-01-13,20633,11.779531171747529,41.8,54.0,35.1,8.9,0.02,1,True,False,False,False,False,False,True,False,False,False,False,False,True,False,False,False,False,False,True,False,False,False,False,False,True,False,False,False,False,False,2014,196
2014-01-14,9999,11.11603493682702,45.8,50.0,35.1,6.6,0.02,1,False,False,False,False,True,False,False,False,False,False,True,False,False,False,False,False,True,False,False,False,False,False,True,False,False,False,False,False,True,False,2014,197
2014-01-15,21630,11.704905994760365,42.4,50.0,36.0,5.5,0.36,1,False,False,False,False,False,True,False,False,False,False,False,True,False,False,False,False,False,True,False,False,False,False,False,True,False,False,False,False,False,True,2014,198
2014-01-16,19953,11.388402746454169,39.1,41.0,37.0,5.9,0.0,1,False,False,False,True,False,False,False,False,False,True,False,False,False,False,False,True,False,False,False,False,False,True,False,False,False,False,False,True,False,False,2014,199
2014-01-17,20301,12.21139763230054,38.3,46.0,33.1,5.5,0.0,1,False,False,False,False,False,False,False,False,False,False,False,False,False,False,False,False,False,False,False,False,False,False,False,False,False,False,False,False,False,False,2014,200
2014-01-18,9438,14.084099738645191,37.5,46.0,32.0,7.7,0.0,1,False,True,False,False,False,False,False,True,False,False,False,False,False,True,False,False,False,False,False,True,False,False,False,False,False,True,False,False,False,False,2014,201
2014-01-19,9028,13.60582262590459,29.8,39.0,25.0,12.1,0.15,1,False,False,True,False,False,False,False,False,True,False,False,False,False,False,True,False,False,False,False,False,True,False,False,False,False,False,True,False,False,False,2014,202
2014-01-20,13407,13.103310459710103,39.6,46.0,25.0,11.1,0.0,1,True,False,False,False,False,False,True,False,False,False,False,False,True,False,False,False,False,False,True,False,False,False,False,False,True,False,False,False,False,False,2014,203
2014-01-21,3804,14.296617595513498,25.7,46.0,14.0,12.5,0.0,1,False,False,False,False,True,False,False,False,False,False,True,False,False,False,False,False,True,False,False,False,False,False,True,False,False,False,False,False,True,False,2014,204
2014-01-22,2451,16.576716986264113,12.6,32.0,7.0,16.6,0.25,1,False,False,False,False,False,True,False,False,False,False,False,True,False,False,False,False,False,True,False,False,False,False,False,True,False,False,False,False,False,True,2014,205
2014-01-23,5071,15.40198843094722,13.5,21.0,7.0,11.9,0.0,1,False,False,False,True,False,False,False,False,False,True,False,False,False,False,False,True,False,False,False,False,False,True,False,False,False,False,False,True,False,False,2014,206
2014-01-24,6176,13.034348013816928,15.7,21.0,8.1,12.8,0.0,1,False,False,False,False,False,False,False,False,False,False,False,False,False,False,False,False,False,False,False,False,False,False,False,False,False,False,False,False,False,False,2014,207
2014-01-25,4338,11.466901029660365,22.0,27.0,10.9,12.6,0.0,1,False,True,False,False,False,False,False,True,False,False,False,False,False,True,False,False,False,False,False,True,False,False,False,False,False,True,False,False,False,False,2014,208
2014-01-26,4980,11.962151941097725,21.9,27.0,18.0,12.7,0.02,1,False,False,True,False,False,False,False,False,True,False,False,False,False,False,True,False,False,False,False,False,True,False,False,False,False,False,True,False,False,False,2014,209
2014-01-27,13119,10.535111924181212,33.7,44.1,18.0,9.4,0.0,1,True,False,False,False,False,False,True,False,False,False,False,False,True,False,False,False,False,False,True,False,False,False,False,False,True,False,False,False,False,False,2014,210
2014-01-28,10033,14.218656766005516,18.5,28.0,12.9,11.8,0.0,1,False,False,False,False,True,False,False,False,False,False,True,False,False,False,False,False,True,False,False,False,False,False,True,False,False,False,False,False,True,False,2014,211
2014-01-29,10021,11.17113062568606,18.2,23.0,12.9,8.1,0.05,1,False,False,False,False,False,True,False,False,False,False,False,True,False,False,False,False,False,True,False,False,False,False,False,True,False,False,False,False,False,True,2014,212
2014-01-30,12158,11.191953172122604,21.6,28.9,14.0,7.5,0.0,1,False,False,False,True,False,False,False,False,False,True,False,False,False,False,False,True,False,False,False,False,False,True,False,False,False,False,False,True,False,False,2014,213
2014-01-31,14653,11.705812234127256,30.5,39.0,18.0,7.3,0.0,1,False,False,False,False,False,False,False,False,False,False,False,False,False,False,False,False,False,False,False,False,False,False,False,False,False,False,False,False,False,False,2014,214
2014-02-01,12771,13.671289118575938,38.2,44.1,26.1,3.2,0.0,2,False,True,False,False,False,False,False,True,False,False,False,False,False,True,False,False,False,False,False,True,False,False,False,False,False,True,False,False,False,False,2014,215
2014-02-02,13816,13.73822500482532,40.3,55.0,30.0,3.3,0.0,2,False,False,True,False,False,False,False,False,True,False,False,False,False,False,True,False,False,False,False,False,True,False,False,False,False,False,True,False,False,False,2014,216
2014-02-03,2600,13.292378205128204,35.6,55.0,30.0,8.2,0.27,2,True,False,False,False,False,False,True,False,False,False,False,False,True,False,False,False,False,False,True,False,False,False,False,False,True,False,False,False,False,False,2014,217
2014-02-04,8709,12.542329773797224,29.6,42.1,25.0,6.2,0.81,2,False,False,False,False,True,False,False,False,False,False,True,False,False,False,False,False,True,False,False,False,False,False,True,False,False,False,False,False,True,False,2014,218
2014-02-05,2746,15.42234765719836,31.5,36.0,25.0,9.0,0.74,2,False,False,False,False,False,True,False,False,False,False,False,True,False,False,False,False,False,True,False,False,False,False,False,True,False,False,False,False,False,True,2014,219
2014-02-06,7196,17.346933481563834,28.4,34.0,21.9,8.6,0.44,2,False,False,False,True,False,False,False,False,False,True,False,False,False,False,False,True,False,False,False,False,False,True,False,False,False,False,False,True,False,False,2014,220
2014-02-07,8495,17.48243868942516,28.5,33.1,21.9,8.9,0.0,2,False,False,False,False,False,False,False,False,False,False,False,False,False,False,False,False,False,False,False,False,False,False,False,False,False,False,False,False,False,False,2014,221
2014-02-08,5986,17.377703530459957,26.8,33.1,21.9,8.0,0.0,2,False,True,False,False,False,False,False,True,False,False,False,False,False,True,False,False,False,False,False,True,False,False,False,False,False,True,False,False,False,False,2014,222
2014-02-09,4996,17.122084334133977,26.1,28.9,21.0,6.5,0.0,2,False,False,True,False,False,False,False,False,True,False,False,False,False,False,True,False,False,False,False,False,True,False,False,False,False,False,True,False,False,False,2014,223
2014-02-10,6846,14.403897653130786,25.9,28.9,21.0,12.4,0.1,2,True,False,False,False,False,False,True,False,False,False,False,False,True,False,False,False,False,False,True,False,False,False,False,False,True,False,False,False,False,False,2014,224
2014-02-11,8343,16.45138639178553,22.6,28.9,18.0,11.3,0.0,2,False,False,False,False,True,False,False,False,False,False,True,False,False,False,False,False,True,False,False,False,False,False,True,False,False,False,False,False,True,False,2014,225
2014-02-12,8580,14.08141996891997,19.0,26.1,14.0,9.2,0.0,2,False,False,False,False,False,True,False,False,False,False,False,True,False,False,False,False,False,True,False,False,False,False,False,True,False,False,False,False,False,True,2014,226
2014-02-13,876,81.11008371385084,28.7,36.0,14.0,15.8,0.18,2,False,False,False,True,False,False,False,False,False,True,False,False,False,False,False,True,False,False,False,False,False,True,False,False,False,False,False,True,False,False,2014,227
2014-02-14,3609,28.906183615036483,35.4,39.9,24.1,16.4,1.75,2,False,False,False,False,False,False,False,False,False,False,False,False,False,False,False,False,False,False,False,False,False,False,False,False,False,False,False,False,False,False,2014,228
2014-02-15,2261,18.35047176765443,34.5,39.0,30.2,9.7,0.25,2,False,True,False,False,False,False,False,True,False,False,False,False,False,True,False,False,False,False,False,True,False,False,False,False,False,True,False,False,False,False,2014,229
2014-02-16,3003,21.346797646797647,27.2,37.0,21.9,14.0,0.05,2,False,False,True,False,False,False,False,False,True,False,False,False,False,False,True,False,False,False,False,False,True,False,False,False,False,False,True,False,False,False,2014,230
2014-02-17,4854,16.118342260678478,24.4,33.1,19.0,11.2,0.0,2,True,False,False,False,False,False,True,False,False,False,False,False,True,False,False,False,False,False,True,False,False,False,False,False,True,False,False,False,False,False,2014,231
2014-02-18,5140,14.629364461738,30.6,39.9,19.0,7.2,0.05,2,False,False,False,False,True,False,False,False,False,False,True,False,False,False,False,False,True,False,False,False,False,False,True,False,False,False,False,False,True,False,2014,232
2014-02-19,8506,14.15800415393056,36.4,45.0,25.0,5.3,0.1,2,False,False,False,False,False,True,False,False,False,False,False,True,False,False,False,False,False,True,False,False,False,False,False,True,False,False,False,False,False,True,2014,233
2014-02-20,11792,13.573103233830851,42.5,50.0,28.0,8.1,0.25,2,False,False,False,True,False,False,False,False,False,True,False,False,False,False,False,True,False,False,False,False,False,True,False,False,False,False,False,True,False,False,2014,234
2014-02-21,8680,11.754621735791094,37.1,46.9,33.8,8.2,0.02,2,False,False,False,False,False,False,False,False,False,False,False,False,False,False,False,False,False,False,False,False,False,False,False,False,False,False,False,False,False,False,2014,235
2014-02-22,13044,16.47136997853419,45.5,55.0,34.0,9.4,0.11,2,False,True,False,False,False,False,False,True,False,False,False,False,False,True,False,False,False,False,False,True,False,False,False,False,False,True,False,False,False,False,2014,236
2014-02-23,13324,15.58153332332633,48.0,55.0,37.9,5.2,0.0,2,False,False,True,False,False,False,False,False,True,False,False,False,False,False,True,False,False,False,False,False,True,False,False,False,False,False,True,False,False,False,2014,237
2014-02-24,12922,12.587243976680597,40.0,54.0,33.1,13.2,0.0,2,True,False,False,False,False,False,True,False,False,False,False,False,True,False,False,False,False,False,True,False,False,False,False,False,True,False,False,False,False,False,2014,238
2014-02-25,12830,11.434589503767215,28.7,44.1,24.1,12.9,0.0,2,False,False,False,False,True,False,False,False,False,False,True,False,False,False,False,False,True,False,False,False,False,False,True,False,False,False,False,False,True,False,2014,239
2014-02-26,11188,11.072612024788462,28.0,33.1,24.1,9.2,0.0,2,False,False,False,False,False,True,False,False,False,False,False,True,False,False,False,False,False,True,False,False,False,False,False,True,False,False,False,False,False,True,2014,240
2014-02-27,12036,10.512638473468485,24.7,33.1,19.0,9.6,0.01,2,False,False,False,True,False,False,False,False,False,True,False,False,False,False,False,True,False,False,False,False,False,True,False,False,False,False,False,True,False,False,2014,241
2014-02-28,9587,11.090424533222071,17.3,33.1,10.0,13.3,0.0,2,False,False,False,False,False,False,False,False,False,False,False,False,False,False,False,False,False,False,False,False,False,False,False,False,False,False,False,False,False,False,2014,242
2014-03-01,9202,11.874632326305871,26.6,37.9,10.0,5.6,0.0,3,False,True,False,False,False,False,False,True,False,False,False,False,False,True,False,False,False,False,False,True,False,False,False,False,False,True,False,False,False,False,2014,243
2014-03-02,8195,11.21615009151922,36.6,39.0,21.0,6.0,0.0,3,False,False,True,False,False,False,False,False,True,False,False,False,False,False,True,False,False,False,False,False,True,False,False,False,False,False,True,False,False,False,2014,244
2014-03-03,7708,11.45696462549732,25.9,39.0,19.9,10.6,0.01,3,True,False,False,False,False,False,True,False,False,False,False,False,True,False,False,False,False,False,True,False,False,False,False,False,True,False,False,False,False,False,2014,245
2014-03-04,10398,10.333017567480928,20.3,32.0,12.9,6.4,0.0,3,False,False,False,False,True,False,False,False,False,False,True,False,False,False,False,False,True,False,False,False,False,False,True,False,False,False,False,False,True,False,2014,246
2014-03-05,13801,10.51899983093012,30.6,37.0,12.9,5.1,0.0,3,False,False,False,False,False,True,False,False,False,False,False,True,False,False,False,False,False,True,False,False,False,False,False,True,False,False,False,False,False,True,2014,247
2014-03-06,12773,10.194545786685454,24.2,37.0,16.0,10.2,0.0,3,False,False,False,True,False,False,False,False,False,True,False,False,False,False,False,True,False,False,False,False,False,True,False,False,False,False,False,True,False,False,2014,248
2014-03-07,13304,11.04650355782722,29.2,36.0,16.0,10.2,0.0,3,False,False,False,False,False,False,False,False,False,False,False,False,False,False,False,False,False,False,False,False,False,False,False,False,False,False,False,False,False,False,2014,249
2014-03-08,16350,15.866276248725791,41.6,55.9,26.1,7.3,0.0,3,False,True,False,False,False,False,False,True,False,False,False,False,False,True,False,False,False,False,False,True,False,False,False,False,False,True,False,False,False,False,2014,250
2014-03-09,12262,12.705340346871091,41.4,55.9,35.1,11.3,0.0,3,False,False,True,False,False,False,False,False,True,False,False,False,False,False,True,False,False,False,False,False,True,False,False,False,False,False,True,False,False,False,2014,251
2014-03-10,17231,11.22329328922678,41.9,51.1,35.1,8.7,0.0,3,True,False,False,False,False,False,True,False,False,False,False,False,True,False,False,False,False,False,True,False,False,False,False,False,True,False,False,False,False,False,2014,252
2014-03-11,24356,12.948284474735862,52.3,64.9,37.0,7.0,0.0,3,False,False,False,False,True,False,False,False,False,False,True,False,False,False,False,False,True,False,False,False,False,False,True,False,False,False,False,False,True,False,2014,253
2014-03-12,15101,10.971585766947005,48.1,64.9,39.0,7.4,0.0,3,False,False,False,False,False,True,False,False,False,False,False,True,False,False,False,False,False,True,False,False,False,False,False,True,False,False,False,False,False,True,2014,254
2014-03-13,10979,10.652381819837872,28.8,54.0,19.0,20.9,0.35,3,False,False,False,True,False,False,False,False,False,True,False,False,False,False,False,True,False,False,False,False,False,True,False,False,False,False,False,True,False,False,2014,255
2014-03-14,16299,10.919300775098671,29.7,44.1,19.0,12.9,0.0,3,False,False,False,False,False,False,False,False,False,False,False,False,False,False,False,False,False,False,False,False,False,False,False,False,False,False,False,False,False,False,2014,256
2014-03-15,18053,14.778114440813162,47.9,57.9,39.0,11.1,0.0,3,False,True,False,False,False,False,False,True,False,False,False,False,False,True,False,False,False,False,False,True,False,False,False,False,False,True,False,False,False,False,2014,257
2014-03-16,9851,12.279863296450443,37.7,57.9,30.0,14.2,0.0,3,False,False,True,False,False,False,False,False,True,False,False,False,False,False,True,False,False,False,False,False,True,False,False,False,False,False,True,False,False,False,2014,258
2014-03-17,12503,10.621213575408566,28.3,33.1,23.0,9.3,0.0,3,True,False,False,False,False,False,True,False,False,False,False,False,True,False,False,False,False,False,True,False,False,False,False,False,True,False,False,False,False,False,2014,259
2014-03-18,16679,11.345885045066648,32.1,41.0,23.0,9.4,0.0,3,False,False,False,False,True,False,False,False,False,False,True,False,False,False,False,False,True,False,False,False,False,False,True,False,False,False,False,False,True,False,2014,260
2014-03-19,13341,10.864158109087276,35.8,45.0,27.0,9.4,0.0,3,False,False,False,False,False,True,False,False,False,False,False,True,False,False,False,False,False,True,False,False,False,False,False,True,False,False,False,False,False,True,2014,261
2014-03-20,19695,11.966702208682408,45.3,53.1,30.9,11.4,0.99,3,False,False,False,True,False,False,False,False,False,True,False,False,False,False,False,True,False,False,False,False,False,True,False,False,False,False,False,True,False,False,2014,262
2014-03-21,20718,12.220391286160186,43.7,53.1,39.0,14.1,0.0,3,False,False,False,False,False,False,False,False,False,False,False,False,False,False,False,False,False,False,False,False,False,False,False,False,False,False,False,False,False,False,2014,263
2014-03-22,19880,16.057806002682764,48.4,63.0,37.0,9.7,0.0,3,False,True,False,False,False,False,False,True,False,False,False,False,False,True,False,False,False,False,False,True,False,False,False,False,False,True,False,False,False,False,2014,264
2014-03-23,11740,12.281138557637702,41.5,63.0,35.1,11.0,0.0,3,False,False,True,False,False,False,False,False,True,False,False,False,False,False,True,False,False,False,False,False,True,False,False,False,False,False,True,False,False,False,2014,265
2014-03-24,13598,10.486559297935967,28.1,42.1,21.9,12.8,0.0,3,True,False,False,False,False,False,True,False,False,False,False,False,True,False,False,False,False,False,True,False,False,False,False,False,True,False,False,False,False,False,2014,266
2014-03-25,16037,10.424924653405668,31.6,37.9,21.9,7.5,0.0,3,False,False,False,False,True,False,False,False,False,False,True,False,False,False,False,False,True,False,False,False,False,False,True,False,False,False,False,False,True,False,2014,267
2014-03-26,14500,10.198148275862073,33.4,37.9,26.1,16.8,0.0,3,False,False,False,False,False,True,False,False,False,False,False,True,False,False,False,False,False,True,False,False,False,False,False,True,False,False,False,False,False,True,2014,268
2014-03-27,16666,11.413531541261651,30.1,42.1,23.0,12.7,0.0,3,False,False,False,True,False,False,False,False,False,True,False,False,False,False,False,True,False,False,False,False,False,True,False,False,False,False,False,True,False,False,2014,269
2014-03-28,18425,12.244414292175486,44.9,60.1,23.0,8.1,0.0,3,False,False,False,False,False,False,False,False,False,False,False,False,False,False,False,False,False,False,False,False,False,False,False,False,False,False,False,False,False,False,2014,270
2014-03-29,4480,11.066566220238096,48.3,60.1,37.9,6.7,0.03,3,False,True,False,False,False,False,False,True,False,False,False,False,False,True,False,False,False,False,False,True,False,False,False,False,False,True,False,False,False,False,2014,271
2014-03-30,7907,12.754502339699004,44.1,55.0,41.0,12.4,1.97,3,False,False,True,False,False,False,False,False,True,False,False,False,False,False,True,False,False,False,False,False,True,False,False,False,False,False,True,False,False,False,2014,272
2014-03-31,17085,11.829745390693594,42.1,53.1,35.6,15.2,0.29,3,True,False,False,False,False,False,True,False,False,False,False,False,True,False,False,False,False,False,True,False,False,False,False,False,True,False,False,False,False,False,2014,273
2014-04-01,23908,12.85338868440132,45.9,59.0,36.0,8.5,0.02,4,False,False,False,False,True,False,False,False,False,False,True,False,False,False,False,False,True,False,False,False,False,False,True,False,False,False,False,False,True,False,2014,274
2014-04-02,22515,12.002125249833448,45.6,59.0,39.0,5.7,0.0,4,False,False,False,False,False,True,False,False,False,False,False,True,False,False,False,False,False,True,False,False,False,False,False,True,False,False,False,False,False,True,2014,275
2014-04-03,26321,12.89166888289452,50.7,64.0,41.0,3.9,0.0,4,False,False,False,True,False,False,False,False,False,True,False,False,False,False,False,True,False,False,False,False,False,True,False,False,False,False,False,True,False,False,2014,276
2014-04-04,12566,10.684554883548198,44.7,51.1,39.2,9.8,0.09,4,False,False,False,False,False,False,False,False,False,False,False,False,False,False,False,False,False,False,False,False,False,False,False,False,False,False,False,False,False,False,2014,277
2014-04-05,18655,14.951773429822213,45.3,54.0,39.0,12.8,0.17,4,False,True,False,False,False,False,False,True,False,False,False,False,False,True,False,False,False,False,False,True,False,False,False,False,False,True,False,False,False,False,2014,278
2014-04-06,20750,16.594725301204818,44.9,59.0,37.0,9.7,0.0,4,False,False,True,False,False,False,False,False,True,False,False,False,False,False,True,False,False,False,False,False,True,False,False,False,False,False,True,False,False,False,2014,279
2014-04-07,14677,11.323832072857757,46.1,59.0,37.0,6.9,0.0,4,True,False,False,False,False,False,True,False,False,False,False,False,True,False,False,False,False,False,True,False,False,False,False,False,True,False,False,False,False,False,2014,280
2014-04-08,21884,12.14988347651252,51.0,64.9,41.0,10.7,0.99,4,False,False,False,False,True,False,False,False,False,False,True,False,False,False,False,False,True,False,False,False,False,False,True,False,False,False,False,False,True,False,2014,281
2014-04-09,26931,12.847673065735892,51.4,64.9,43.0,13.2,0.01,4,False,False,False,False,False,True,False,False,False,False,False,True,False,False,False,False,False,True,False,False,False,False,False,True,False,False,False,False,False,True,2014,282
2014-04-10,27463,12.72873502530678,49.8,59.0,42.1,10.4,0.0,4,False,False,False,True,False,False,False,False,False,True,False,False,False,False,False,True,False,False,False,False,False,True,False,False,False,False,False,True,False,False,2014,283
2014-04-11,26798,13.81016804736672,59.2,73.9,42.1,8.8,0.0,4,False,False,False,False,False,False,False,False,False,False,False,False,False,False,False,False,False,False,False,False,False,False,False,False,False,False,False,False,False,False,2014,284
2014-04-12,27108,17.636654001278835,58.8,73.9,48.9,6.6,0.0,4,False,True,False,False,False,False,False,True,False,False,False,False,False,True,False,False,False,False,False,True,False,False,False,False,False,True,False,False,False,False,2014,285
2014-04-13,26871,18.37864426333221,59.8,73.9,48.9,8.2,0.0,4,False,False,True,False,False,False,False,False,True,False,False,False,False,False,True,False,False,False,False,False,True,False,False,False,False,False,True,False,False,False,2014,286
2014-04-14,28832,14.838482126341102,61.7,73.9,50.0,10.5,0.0,4,True,False,False,False,False,False,True,False,False,False,False,False,True,False,False,False,False,False,True,False,False,False,False,False,True,False,False,False,False,False,2014,287
2014-04-15,10523,10.554770502708356,56.9,61.0,44.6,13.7,0.1,4,False,False,False,False,True,False,False,False,False,False,True,False,False,False,False,False,True,False,False,False,False,False,True,False,False,False,False,False,True,False,2014,288
2014-04-16,20082,11.889953689871527,38.9,46.9,32.0,14.1,0.82,4,False,False,False,False,False,True,False,False,False,False,False,True,False,False,False,False,False,True,False,False,False,False,False,True,False,False,False,False,False,True,2014,289
2014-04-17,22282,12.433921251832569,41.1,46.9,32.0,11.4,0.05,4,False,False,False,True,False,False,False,False,False,True,False,False,False,False,False,True,False,False,False,False,False,True,False,False,False,False,False,True,False,False,2014,290
2014-04-18,20770,12.430917188252288,39.9,46.9,35.1,7.1,0.0,4,False,False,False,False,False,False,False,False,False,False,False,False,False,False,False,False,False,False,False,False,False,False,False,False,False,False,False,False,False,False,2014,291
2014-04-19,24369,18.4370313376284,50.6,64.9,35.1,6.8,0.0,4,False,True,False,False,False,False,False,True,False,False,False,False,False,True,False,False,False,False,False,True,False,False,False,False,False,True,False,False,False,False,2014,292
2014-04-20,18464,16.7138007293472,51.6,64.9,42.1,9.2,0.0,4,False,False,True,False,False,False,False,False,True,False,False,False,False,False,True,False,False,False,False,False,True,False,False,False,False,False,True,False,False,False,2014,293
2014-04-21,27124,13.895182003637611,49.9,63.0,41.0,5.4,0.0,4,True,False,False,False,False,False,True,False,False,False,False,False,True,False,False,False,False,False,True,False,False,False,False,False,True,False,False,False,False,False,2014,294
2014-04-22,27259,12.70597050515426,56.4,66.0,41.0,7.7,0.0,4,False,False,False,False,True,False,False,False,False,False,True,False,False,False,False,False,True,False,False,False,False,False,True,False,False,False,False,False,True,False,2014,295
2014-04-23,26949,12.408973122070089,55.6,66.0,48.0,16.0,0.0,4,False,False,False,False,False,True,False,False,False,False,False,True,False,False,False,False,False,True,False,False,False,False,False,True,False,False,False,False,False,True,2014,296
2014-04-24,28107,13.0153905907188,49.4,62.1,43.0,17.9,0.0,4,False,False,False,True,False,False,False,False,False,True,False,False,False,False,False,True,False,False,False,False,False,True,False,False,False,False,False,True,False,False,2014,297
2014-04-25,27919,13.529182635481211,52.3,60.1,43.0,8.9,0.0,4,False,False,False,False,False,False,False,False,False,False,False,False,False,False,False,False,False,False,False,False,False,False,False,False,False,False,False,False,False,False,2014,298
2014-04-26,19899,16.160248421193696,52.0,64.0,44.6,8.2,0.7,4,False,True,False,False,False,False,False,True,False,False,False,False,False,True,False,False,False,False,False,True,False,False,False,False,False,True,False,False,False,False,2014,299
2014-04-27,21926,15.819971723068502,51.3,64.0,45.0,10.8,0.06,4,False,False,True,False,False,False,False,False,True,False,False,False,False,False,True,False,False,False,False,False,True,False,False,False,False,False,True,False,False,False,2014,300
2014-04-28,28557,13.442739666865103,53.7,64.0,46.0,7.3,0.0,4,True,False,False,False,False,False,True,False,False,False,False,False,True,False,False,False,False,False,True,False,False,False,False,False,True,False,False,False,False,False,2014,301
2014-04-29,18404,11.008666594218653,49.9,64.0,44.1,13.4,0.0,4,False,False,False,False,True,False,False,False,False,False,True,False,False,False,False,False,True,False,False,False,False,False,True,False,False,False,False,False,True,False,2014,302
2014-04-30,2867,9.495395884199507,44.5,51.1,42.1,14.1,0.55,4,False,False,False,False,False,True,False,False,False,False,False,True,False,False,False,False,False,True,False,False,False,False,False,True,False,False,False,False,False,True,2014,303
2014-05-01,26762,14.309317315596743,59.3,77.0,42.1,7.9,4.88,5,False,False,False,True,False,False,False,False,False,True,False,False,False,False,False,True,False,False,False,False,False,True,False,False,False,False,False,True,False,False,2014,304
2014-05-02,32377,14.010143002748864,62.8,77.0,48.9,7.6,0.01,5,False,False,False,False,False,False,False,False,False,False,False,False,False,False,False,False,False,False,False,False,False,False,False,False,False,False,False,False,False,False,2014,305
2014-05-03,25501,18.08919127354483,61.7,69.1,54.0,7.2,0.0,5,False,True,False,False,False,False,False,True,False,False,False,False,False,True,False,False,False,False,False,True,False,False,False,False,False,True,False,False,False,False,2014,306
2014-05-04,21277,15.43626372765584,58.7,69.1,54.0,12.2,0.03,5,False,False,True,False,False,False,False,False,True,False,False,False,False,False,True,False,False,False,False,False,True,False,False,False,False,False,True,False,False,False,2014,307
2014-05-05,30288,14.3967941098785,57.5,66.9,50.0,15.6,0.0,5,True,False,False,False,False,False,True,False,False,False,False,False,True,False,False,False,False,False,True,False,False,False,False,False,True,False,False,False,False,False,2014,308
2014-05-06,32233,14.299347459642808,59.2,68.0,50.0,8.6,0.0,5,False,False,False,False,True,False,False,False,False,False,True,False,False,False,False,False,True,False,False,False,False,False,True,False,False,False,False,False,True,False,2014,309
2014-05-07,32882,13.28873446465138,59.0,68.0,51.1,7.0,0.0,5,False,False,False,False,False,True,False,False,False,False,False,True,False,False,False,False,False,True,False,False,False,False,False,True,False,False,False,False,False,True,2014,310
2014-05-08,17619,12.222241141192276,55.6,68.0,51.1,6.7,0.32,5,False,False,False,True,False,False,False,False,False,True,False,False,False,False,False,True,False,False,False,False,False,True,False,False,False,False,False,True,False,False,2014,311
2014-05-09,22641,12.287202420387793,54.9,63.0,52.0,5.5,0.09,5,False,False,False,False,False,False,False,False,False,False,False,False,False,False,False,False,False,False,False,False,False,False,False,False,False,False,False,False,False,False,2014,312
2014-05-10,21832,15.364831440087944,65.4,82.0,52.0,7.1,0.02,5,False,True,False,False,False,False,False,True,False,False,False,False,False,True,False,False,False,False,False,True,False,False,False,False,False,True,False,False,False,False,2014,313
2014-05-11,28326,18.773016545458823,69.3,82.0,55.0,9.8,0.93,5,False,False,True,False,False,False,False,False,True,False,False,False,False,False,True,False,False,False,False,False,True,False,False,False,False,False,True,False,False,False,2014,314
2014-05-12,31644,14.38998546327898,73.2,82.0,62.1,4.4,0.02,5,True,False,False,False,False,False,True,False,False,False,False,False,True,False,False,False,False,False,True,False,False,False,False,False,True,False,False,False,False,False,2014,315
2014-05-13,32847,13.422771232278953,65.8,82.0,59.0,7.7,0.0,5,False,False,False,False,True,False,False,False,False,False,True,False,False,False,False,False,True,False,False,False,False,False,True,False,False,False,False,False,True,False,2014,316
2014-05-14,30044,12.947753295167086,56.5,71.1,51.1,7.1,0.0,5,False,False,False,False,False,True,False,False,False,False,False,True,False,False,False,False,False,True,False,False,False,False,False,True,False,False,False,False,False,True,2014,317
2014-05-15,26057,12.978048764887236,60.7,75.0,51.1,8.5,0.14,5,False,False,False,True,False,False,False,False,False,True,False,False,False,False,False,True,False,False,False,False,False,True,False,False,False,False,False,True,False,False,2014,318
2014-05-16,17784,11.656169403208878,67.2,75.0,54.0,15.9,0.03,5,False,False,False,False,False,False,False,False,False,False,False,False,False,False,False,False,False,False,False,False,False,False,False,False,False,False,False,False,False,False,2014,319
2014-05-17,29912,17.701291566372465,62.2,71.1,54.0,9.8,1.58,5,False,True,False,False,False,False,False,True,False,False,False,False,False,True,False,False,False,False,False,True,False,False,False,False,False,True,False,False,False,False,2014,320
2014-05-18,27436,17.056795208242207,60.4,70.0,53.1,7.6,0.0,5,False,False,True,False,False,False,False,False,True,False,False,False,False,False,True,False,False,False,False,False,True,False,False,False,False,False,True,False,False,False,2014,321
2014-05-19,31692,13.411918885943871,60.4,70.0,53.1,10.5,0.0,5,True,False,False,False,False,False,True,False,False,False,False,False,True,False,False,False,False,False,True,False,False,False,False,False,True,False,False,False,False,False,2014,322
2014-05-20,35567,14.053607745007074,65.5,77.0,53.1,8.9,0.0,5,False,False,False,False,True,False,False,False,False,False,True,False,False,False,False,False,True,False,False,False,False,False,True,False,False,False,False,False,True,False,2014,323
2014-05-21,34420,13.3881062366841,69.7,77.0,57.0,6.7,0.0,5,False,False,False,False,False,True,False,False,False,False,False,True,False,False,False,False,False,True,False,False,False,False,False,True,False,False,False,False,False,True,2014,324
2014-05-22,24535,12.212325249643364,62.9,75.0,57.9,6.2,0.27,5,False,False,False,True,False,False,False,False,False,True,False,False,False,False,False,True,False,False,False,False,False,True,False,False,False,False,False,True,False,False,2014,325
2014-05-23,24484,12.904456651963192,60.3,68.0,57.0,6.0,0.01,5,False,False,False,False,False,False,False,False,False,False,False,False,False,False,False,False,False,False,False,False,False,False,False,False,False,False,False,False,False,False,2014,326
2014-05-24,16798,15.957243917926736,60.2,68.0,57.0,6.2,1.09,5,False,True,False,False,False,False,False,True,False,False,False,False,False,True,False,False,False,False,False,True,False,False,False,False,False,True,False,False,False,False,2014,327
2014-05-25,25637,20.052994370116107,65.5,81.0,55.9,5.4,0.02,5,False,False,True,False,False,False,False,False,True,False,False,False,False,False,True,False,False,False,False,False,True,False,False,False,False,False,True,False,False,False,2014,328
2014-05-26,26930,19.528184800099023,75.2,87.1,55.9,7.2,0.0,5,True,False,False,False,False,False,True,False,False,False,False,False,True,False,False,False,False,False,True,False,False,False,False,False,True,False,False,False,False,False,2014,329
2014-05-27,32936,14.420076309610558,79.5,87.1,66.0,7.6,0.0,5,False,False,False,False,True,False,False,False,False,False,True,False,False,False,False,False,True,False,False,False,False,False,True,False,False,False,False,False,True,False,2014,330
2014-05-28,29690,12.473383294038396,61.3,86.0,54.0,11.7,0.0,5,False,False,False,False,False,True,False,False,False,False,False,True,False,False,False,False,False,True,False,False,False,False,False,True,False,False,False,False,False,True,2014,331
2014-05-29,33889,13.324726312372748,55.6,63.0,51.1,9.8,0.0,5,False,False,False,True,False,False,False,False,False,True,False,False,False,False,False,True,False,False,False,False,False,True,False,False,False,False,False,True,False,False,2014,332
2014-05-30,34343,14.141829970202568,63.2,75.9,51.1,4.1,0.0,5,False,False,False,False,False,False,False,False,False,False,False,False,False,False,False,False,False,False,False,False,False,False,False,False,False,False,False,False,False,False,2014,333
2014-05-31,27734,16.663981635056857,64.0,75.9,55.9,10.6,0.03,5,False,True,False,False,False,False,False,True,False,False,False,False,False,True,False,False,False,False,False,True,False,False,False,False,False,True,False,False,False,False,2014,334
2014-06-01,31333,18.015508143703663,65.1,77.0,57.0,6.0,0.01,6,False,False,True,False,False,False,False,False,True,False,False,False,False,False,True,False,False,False,False,False,True,False,False,False,False,False,True,False,False,False,2014,335
2014-06-02,34519,14.68510047606632,69.7,79.0,57.0,9.3,0.0,6,True,False,False,False,False,False,True,False,False,False,False,False,True,False,False,False,False,False,True,False,False,False,False,False,True,False,False,False,False,False,2014,336
2014-06-03,29501,13.369560918838909,75.7,84.9,61.0,7.4,0.0,6,False,False,False,False,True,False,False,False,False,False,True,False,False,False,False,False,True,False,False,False,False,False,True,False,False,False,False,False,True,False,2014,337
2014-06-04,36068,13.843021977006398,69.5,84.9,62.1,6.8,0.06,6,False,False,False,False,False,True,False,False,False,False,False,True,False,False,False,False,False,True,False,False,False,False,False,True,False,False,False,False,False,True,2014,338
2014-06-05,24619,13.55049216729626,67.0,81.0,62.1,7.9,0.4,6,False,False,False,True,False,False,False,False,False,True,False,False,False,False,False,True,False,False,False,False,False,True,False,False,False,False,False,True,False,False,2014,339
2014-06-06,37719,14.525447829122369,67.8,75.9,61.0,11.3,0.3,6,False,False,False,False,False,False,False,False,False,False,False,False,False,False,False,False,False,False,False,False,False,False,False,False,False,False,False,False,False,False,2014,340
2014-06-07,31204,17.86846825193351,71.5,82.0,61.0,6.4,0.0,6,False,True,False,False,False,False,False,True,False,False,False,False,False,True,False,False,False,False,False,True,False,False,False,False,False,True,False,False,False,False,2014,341
2014-06-08,30162,18.067772362575425,76.4,84.9,63.0,5.5,0.0,6,False,False,True,False,False,False,False,False,True,False,False,False,False,False,True,False,False,False,False,False,True,False,False,False,False,False,True,False,False,False,2014,342
2014-06-09,18611,12.93291243529812,68.0,84.9,62.1,7.0,0.45,6,True,False,False,False,False,False,True,False,False,False,False,False,True,False,False,False,False,False,True,False,False,False,False,False,True,False,False,False,False,False,2014,343
2014-06-10,33435,13.348906335676192,66.9,75.2,63.0,6.5,0.79,6,False,False,False,False,True,False,False,False,False,False,True,False,False,False,False,False,True,False,False,False,False,False,True,False,False,False,False,False,True,False,2014,344
2014-06-11,30548,13.418144122910393,65.6,75.0,61.0,9.5,0.04,6,False,False,False,False,False,True,False,False,False,False,False,True,False,False,False,False,False,True,False,False,False,False,False,True,False,False,False,False,False,True,2014,345
2014-06-12,29084,12.583449663044975,63.6,75.9,59.0,9.0,0.01,6,False,False,False,True,False,False,False,False,False,True,False,False,False,False,False,True,False,False,False,False,False,True,False,False,False,False,False,True,False,False,2014,346
2014-06-13,18308,12.684859988347538,65.7,75.9,59.0,8.4,0.14,6,False,False,False,False,False,False,False,False,False,False,False,False,False,False,False,False,False,False,False,False,False,False,False,False,False,False,False,False,False,False,2014,347
2014-06-14,28417,16.756327198507936,69.6,75.9,62.1,10.1,1.43,6,False,True,False,False,False,False,False,True,False,False,False,False,False,True,False,False,False,False,False,True,False,False,False,False,False,True,False,False,False,False,2014,348
2014-06-15,28382,17.317562774528458,67.6,79.0,61.0,10.0,0.0,6,False,False,True,False,False,False,False,False,True,False,False,False,False,False,True,False,False,False,False,False,True,False,False,False,False,False,True,False,False,False,2014,349
2014-06-16,34932,14.268376655597544,72.0,81.0,61.0,5.3,0.0,6,True,False,False,False,False,False,True,False,False,False,False,False,True,False,False,False,False,False,True,False,False,False,False,False,True,False,False,False,False,False,2014,350
2014-06-17,35097,14.09637670836064,76.7,88.0,64.0,6.7,0.0,6,False,False,False,False,True,False,False,False,False,False,True,False,False,False,False,False,True,False,False,False,False,False,True,False,False,False,False,False,True,False,2014,351
2014-06-18,35531,13.559252014672634,83.2,88.0,70.0,11.2,0.0,6,False,False,False,False,False,True,False,False,False,False,False,True,False,False,False,False,False,True,False,False,False,False,False,True,False,False,False,False,False,True,2014,352
2014-06-19,31724,13.661286407766992,74.8,88.0,68.0,5.4,0.0,6,False,False,False,True,False,False,False,False,False,True,False,False,False,False,False,True,False,False,False,False,False,True,False,False,False,False,False,True,False,False,2014,353
2014-06-20,34405,16.70432785932277,73.3,80.1,66.0,8.0,0.0,6,False,False,False,False,False,False,False,False,False,False,False,False,False,False,False,False,False,False,False,False,False,False,False,False,False,False,False,False,False,False,2014,354
2014-06-21,30288,17.230165962317304,70.0,75.9,62.1,8.4,0.0,6,False,True,False,False,False,False,False,True,False,False,False,False,False,True,False,False,False,False,False,True,False,False,False,False,False,True,False,False,False,False,2014,355
2014-06-22,29417,16.582756569330666,70.1,77.0,64.0,6.4,0.0,6,False,False,True,False,False,False,False,False,True,False,False,False,False,False,True,False,False,False,False,False,True,False,False,False,False,False,True,False,False,False,2014,356
2014-06-23,32580,13.948640781665642,73.2,82.0,64.0,6.2,0.0,6,True,False,False,False,False,False,True,False,False,False,False,False,True,False,False,False,False,False,True,False,False,False,False,False,True,False,False,False,False,False,2014,357
2014-06-24,35897,13.736748196228096,73.5,82.0,66.9,10.8,0.0,6,False,False,False,False,True,False,False,False,False,False,True,False,False,False,False,False,True,False,False,False,False,False,True,False,False,False,False,False,True,False,2014,358
2014-06-25,34340,13.13611386138614,75.4,84.0,69.1,10.3,0.0,6,False,False,False,False,False,True,False,False,False,False,False,True,False,False,False,False,False,True,False,False,False,False,False,True,False,False,False,False,False,True,2014,359
2014-06-26,34846,13.568823298704777,77.5,86.0,71.1,6.3,0.07,6,False,False,False,True,False,False,False,False,False,True,False,False,False,False,False,True,False,False,False,False,False,True,False,False,False,False,False,True,False,False,2014,360
2014-06-27,35823,14.686583572937312,74.5,86.0,68.0,7.5,0.0,6,False,False,False,False,False,False,False,False,False,False,False,False,False,False,False,False,False,False,False,False,False,False,False,False,False,False,False,False,False,False,2014,361
2014-06-28,28507,16.904747371990503,75.6,87.1,68.0,5.4,0.0,6,False,True,False,False,False,False,False,True,False,False,False,False,False,True,False,False,False,False,False,True,False,False,False,False,False,True,False,False,False,False,2014,362
2014-06-29,27986,17.305518235308128,74.9,87.1,69.1,7.5,0.0,6,False,False,True,False,False,False,False,False,True,False,False,False,False,False,True,False,False,False,False,False,True,False,False,False,False,False,True,False,False,False,2014,363
2014-06-30,33597,13.798781637249355,75.8,84.0,69.1,9.0,0.0,6,True,False,False,False,False,False,True,False,False,False,False,False,True,False,False,False,False,False,True,False,False,False,False,False,True,False,False,False,False,False,2014,364
2014-07-01,34854,13.23013475258698,79.0,88.0,69.1,10.2,0.0,7,False,False,False,False,True,False,False,False,False,False,True,False,False,False,False,False,True,False,False,False,False,False,True,False,False,False,False,False,True,False,2014,365
2014-07-02,26582,12.60920234243724,81.7,91.0,73.0,10.1,0.0,7,False,False,False,False,False,True,False,False,False,False,False,True,False,False,False,False,False,True,False,False,False,False,False,True,False,False,False,False,False,True,2014,366
2014-07-03,27587,13.287443965152669,78.9,91.0,72.0,6.3,0.65,7,False,False,False,True,False,False,False,False,False,True,False,False,False,False,False,True,False,False,False,False,False,True,False,False,False,False,False,True,False,False,2014,367
2014-07-04,13612,15.486074786952685,71.1,89.1,64.9,8.5,0.71,7,False,False,False,False,False,False,False,False,False,False,False,False,False,False,False,False,False,False,False,False,False,False,False,False,False,False,False,False,False,False,2014,368
2014-07-05,22913,18.274830154642927,71.8,82.9,64.9,13.7,0.16,7,False,True,False,False,False,False,False,True,False,False,False,False,False,True,False,False,False,False,False,True,False,False,False,False,False,True,False,False,False,False,2014,369
2014-07-06,23822,20.219724764223535,78.2,87.1,64.9,9.5,0.0,7,False,False,True,False,False,False,False,False,True,False,False,False,False,False,True,False,False,False,False,False,True,False,False,False,False,False,True,False,False,False,2014,370
2014-07-07,31863,14.025829331826888,81.3,91.9,69.1,11.4,0.0,7,True,False,False,False,False,False,True,False,False,False,False,False,True,False,False,False,False,False,True,False,False,False,False,False,True,False,False,False,False,False,2014,371
2014-07-08,32713,13.311302336481928,83.8,93.0,72.0,10.7,0.18,7,False,False,False,False,True,False,False,False,False,False,True,False,False,False,False,False,True,False,False,False,False,False,True,False,False,False,False,False,True,False,2014,372
2014-07-09,34426,13.330690950638084,79.5,93.0,72.0,10.2,0.0,7,False,False,False,False,False,True,False,False,False,False,False,True,False,False,False,False,False,True,False,False,False,False,False,True,False,False,False,False,False,True,2014,373
2014-07-10,36288,13.710673868312758,76.3,88.0,70.0,5.5,0.0,7,False,False,False,True,False,False,False,False,False,True,False,False,False,False,False,True,False,False,False,False,False,True,False,False,False,False,False,True,False,False,2014,374
2014-07-11,35000,14.03066,76.9,84.9,70.0,6.1,0.0,7,False,False,False,False,False,False,False,False,False,False,False,False,False,False,False,False,False,False,False,False,False,False,False,False,False,False,False,False,False,False,2014,375
2014-07-12,28718,16.70461034891009,77.0,86.0,70.0,7.0,0.0,7,False,True,False,False,False,False,False,True,False,False,False,False,False,True,False,False,False,False,False,True,False,False,False,False,False,True,False,False,False,False,2014,376
2014-07-13,24869,15.2591720616028,75.3,86.0,71.1,10.1,0.0,7,False,False,True,False,False,False,False,False,True,False,False,False,False,False,True,False,False,False,False,False,True,False,False,False,False,False,True,False,False,False,2014,377
2014-07-14,25825,12.61809035172636,77.2,84.9,71.1,6.3,0.41,7,True,False,False,False,False,False,True,False,False,False,False,False,True,False,False,False,False,False,True,False,False,False,False,False,True,False,False,False,False,False,2014,378
2014-07-15,22963,12.218714163364256,76.3,88.0,72.0,7.0,0.57,7,False,False,False,False,True,False,False,False,False,False,True,False,False,False,False,False,True,False,False,False,False,False,True,False,False,False,False,False,True,False,2014,379
2014-07-16,35391,13.5540791915082,73.8,88.0,68.0,6.4,0.93,7,False,False,False,False,False,True,False,False,False,False,False,True,False,False,False,False,False,True,False,False,False,False,False,True,False,False,False,False,False,True,2014,380
2014-07-17,38619,13.71910285955963,75.0,82.9,68.0,4.8,0.0,7,False,False,False,True,False,False,False,False,False,True,False,False,False,False,False,True,False,False,False,False,False,True,False,False,False,False,False,True,False,False,2014,381
2014-07-18,36105,14.457257997507272,74.6,82.9,68.0,6.1,0.0,7,False,False,False,False,False,False,False,False,False,False,False,False,False,False,False,False,False,False,False,False,False,False,False,False,False,False,False,False,False,False,2014,382
2014-07-19,29291,16.61823256290328,73.1,82.0,68.0,6.0,0.0,7,False,True,False,False,False,False,False,True,False,False,False,False,False,True,False,False,False,False,False,True,False,False,False,False,False,True,False,False,False,False,2014,383
2014-07-20,30296,17.056757767802136,71.2,77.0,66.9,9.1,0.0,7,False,False,True,False,False,False,False,False,True,False,False,False,False,False,True,False,False,False,False,False,True,False,False,False,False,False,True,False,False,False,2014,384
2014-07-21,35670,13.678115129427152,74.0,84.0,66.9,4.4,0.0,7,True,False,False,False,False,False,True,False,False,False,False,False,True,False,False,False,False,False,True,False,False,False,False,False,True,False,False,False,False,False,2014,385
2014-07-22,36886,13.627777476549364,78.1,87.1,66.9,7.3,0.0,7,False,False,False,False,True,False,False,False,False,False,True,False,False,False,False,False,True,False,False,False,False,False,True,False,False,False,False,False,True,False,2014,386
2014-07-23,34173,13.10947336591266,80.2,89.1,72.0,9.9,0.0,7,False,False,False,False,False,True,False,False,False,False,False,True,False,False,False,False,False,True,False,False,False,False,False,True,False,False,False,False,False,True,2014,387
2014-07-24,36693,13.742467682300894,76.8,89.1,73.0,7.9,0.12,7,False,False,False,True,False,False,False,False,False,True,False,False,False,False,False,True,False,False,False,False,False,True,False,False,False,False,False,True,False,False,2014,388
2014-07-25,36384,14.157776770008796,74.6,82.0,66.9,6.9,0.0,7,False,False,False,False,False,False,False,False,False,False,False,False,False,False,False,False,False,False,False,False,False,False,False,False,False,False,False,False,False,False,2014,389
2014-07-26,27179,16.45138403424213,75.7,82.9,66.9,7.9,0.0,7,False,True,False,False,False,False,False,True,False,False,False,False,False,True,False,False,False,False,False,True,False,False,False,False,False,True,False,False,False,False,2014,390
2014-07-27,27004,16.19756579272207,77.5,88.0,71.1,8.5,0.0,7,False,False,True,False,False,False,False,False,True,False,False,False,False,False,True,False,False,False,False,False,True,False,False,False,False,False,True,False,False,False,2014,391
2014-07-28,33189,13.454911265780828,78.2,88.0,70.0,9.4,0.26,7,True,False,False,False,False,False,True,False,False,False,False,False,True,False,False,False,False,False,True,False,False,False,False,False,True,False,False,False,False,False,2014,392
2014-07-29,37092,13.568479276753292,70.6,84.0,64.9,11.4,0.0,7,False,False,False,False,True,False,False,False,False,False,True,False,False,False,False,False,True,False,False,False,False,False,True,False,False,False,False,False,True,False,2014,393
2014-07-30,37377,13.556849131819035,72.5,82.9,64.9,6.5,0.0,7,False,False,False,False,False,True,False,False,False,False,False,True,False,False,False,False,False,True,False,False,False,False,False,True,False,False,False,False,False,True,2014,394
2014-07-31,35458,13.663461466147742,75.1,82.9,64.9,8.6,0.0,7,False,False,False,True,False,False,False,False,False,True,False,False,False,False,False,True,False,False,False,False,False,True,False,False,False,False,False,True,False,False,2014,395
2014-08-01,32654,13.52699056777118,76.7,86.0,70.0,7.3,0.0,8,False,False,False,False,False,False,False,False,False,False,False,False,False,False,False,False,False,False,False,False,False,False,False,False,False,False,False,False,False,False,2014,396
2014-08-02,26784,16.543361086220628,71.1,86.0,64.9,8.7,0.34,8,False,True,False,False,False,False,False,True,False,False,False,False,False,True,False,False,False,False,False,True,False,False,False,False,False,True,False,False,False,False,2014,397
2014-08-03,25276,16.505556654533944,69.6,75.9,64.9,4.8,0.12,8,False,False,True,False,False,False,False,False,True,False,False,False,False,False,True,False,False,False,False,False,True,False,False,False,False,False,True,False,False,False,2014,398
2014-08-04,33822,13.98557694202984,75.4,84.0,66.0,5.4,0.01,8,True,False,False,False,False,False,True,False,False,False,False,False,True,False,False,False,False,False,True,False,False,False,False,False,True,False,False,False,False,False,2014,399
2014-08-05,34392,13.747544002481195,79.7,89.1,71.1,4.4,0.0,8,False,False,False,False,True,False,False,False,False,False,True,False,False,False,False,False,True,False,False,False,False,False,True,False,False,False,False,False,True,False,2014,400
2014-08-06,36336,13.637403676794362,76.9,89.1,71.1,7.1,0.0,8,False,False,False,False,False,True,False,False,False,False,False,True,False,False,False,False,False,True,False,False,False,False,False,True,False,False,False,False,False,True,2014,401
2014-08-07,36362,13.85248473681316,75.2,84.0,66.9,8.1,0.0,8,False,False,False,True,False,False,False,False,False,True,False,False,False,False,False,True,False,False,False,False,False,True,False,False,False,False,False,True,False,False,2014,402
2014-08-08,34073,14.120054001702227,74.0,82.9,66.0,7.1,0.0,8,False,False,False,False,False,False,False,False,False,False,False,False,False,False,False,False,False,False,False,False,False,False,False,False,False,False,False,False,False,False,2014,403
2014-08-09,31636,18.437703354827825,77.5,87.1,66.0,4.0,0.0,8,False,True,False,False,False,False,False,True,False,False,False,False,False,True,False,False,False,False,False,True,False,False,False,False,False,True,False,False,False,False,2014,404
2014-08-10,26749,17.214753199496553,78.9,87.1,70.0,4.8,0.0,8,False,False,True,False,False,False,False,False,True,False,False,False,False,False,True,False,False,False,False,False,True,False,False,False,False,False,True,False,False,False,2014,405
2014-08-11,33664,13.774130129119142,79.7,87.1,71.1,5.9,0.0,8,True,False,False,False,False,False,True,False,False,False,False,False,True,False,False,False,False,False,True,False,False,False,False,False,True,False,False,False,False,False,2014,406
2014-08-12,26261,12.027818818780702,75.5,87.1,72.0,11.1,0.0,8,False,False,False,False,True,False,False,False,False,False,True,False,False,False,False,False,True,False,False,False,False,False,True,False,False,False,False,False,True,False,2014,407
2014-08-13,27977,13.221852474056073,73.4,86.0,68.0,13.5,0.77,8,False,False,False,False,False,True,False,False,False,False,False,True,False,False,False,False,False,True,False,False,False,False,False,True,False,False,False,False,False,True,2014,408
2014-08-14,35154,14.364689651248792,72.0,86.0,64.0,11.6,0.15,8,False,False,False,True,False,False,False,False,False,True,False,False,False,False,False,True,False,False,False,False,False,True,False,False,False,False,False,True,False,False,2014,409
2014-08-15,32480,13.884582820197046,69.6,79.0,63.0,9.2,0.0,8,False,False,False,False,False,False,False,False,False,False,False,False,False,False,False,False,False,False,False,False,False,False,False,False,False,False,False,False,False,False,2014,410
2014-08-16,32017,18.71058344004747,71.7,79.0,63.0,7.1,0.0,8,False,True,False,False,False,False,False,True,False,False,False,False,False,True,False,False,False,False,False,True,False,False,False,False,False,True,False,False,False,False,2014,411
2014-08-17,27417,16.750628563786456,74.7,82.9,66.0,7.7,0.0,8,False,False,True,False,False,False,False,False,True,False,False,False,False,False,True,False,False,False,False,False,True,False,False,False,False,False,True,False,False,False,2014,412
2014-08-18,34339,14.094628556451845,72.6,82.9,64.0,8.8,0.01,8,True,False,False,False,False,False,True,False,False,False,False,False,True,False,False,False,False,False,True,False,False,False,False,False,True,False,False,False,False,False,2014,413
2014-08-19,35367,13.925657156859977,72.5,81.0,64.0,6.9,0.0,8,False,False,False,False,True,False,False,False,False,False,True,False,False,False,False,False,True,False,False,False,False,False,True,False,False,False,False,False,True,False,2014,414
2014-08-20,35532,14.048568426582612,75.4,84.0,64.9,6.2,0.0,8,False,False,False,False,False,True,False,False,False,False,False,True,False,False,False,False,False,True,False,False,False,False,False,True,False,False,False,False,False,True,2014,415
2014-08-21,33804,13.843160572713288,75.0,84.0,69.1,6.3,0.07,8,False,False,False,True,False,False,False,False,False,True,False,False,False,False,False,True,False,False,False,False,False,True,False,False,False,False,False,True,False,False,2014,416
2014-08-22,30406,13.575098116599792,71.2,81.0,64.0,7.6,1.2,8,False,False,False,False,False,False,False,False,False,False,False,False,False,False,False,False,False,False,False,False,False,False,False,False,False,False,False,False,False,False,2014,417
2014-08-23,26429,16.310513703381385,70.1,75.9,66.9,8.2,0.04,8,False,True,False,False,False,False,False,True,False,False,False,False,False,True,False,False,False,False,False,True,False,False,False,False,False,True,False,False,False,False,2014,418
2014-08-24,27493,17.628368433176934,72.0,80.1,64.9,6.2,0.0,8,False,False,True,False,False,False,False,False,True,False,False,False,False,False,True,False,False,False,False,False,True,False,False,False,False,False,True,False,False,False,2014,419
2014-08-25,32892,13.790671997243503,75.4,86.0,64.9,4.4,0.0,8,True,False,False,False,False,False,True,False,False,False,False,False,True,False,False,False,False,False,True,False,False,False,False,False,True,False,False,False,False,False,2014,420
2014-08-26,34519,13.521703989107449,79.0,86.0,68.0,4.6,0.0,8,False,False,False,False,True,False,False,False,False,False,True,False,False,False,False,False,True,False,False,False,False,False,True,False,False,False,False,False,True,False,2014,421
2014-08-27,33721,13.675883475183616,79.0,89.1,71.1,7.0,0.0,8,False,False,False,False,False,True,False,False,False,False,False,True,False,False,False,False,False,True,False,False,False,False,False,True,False,False,False,False,False,True,2014,422
2014-08-28,33927,13.81991579960896,76.5,89.1,70.0,8.9,0.0,8,False,False,False,True,False,False,False,False,False,True,False,False,False,False,False,True,False,False,False,False,False,True,False,False,False,False,False,True,False,False,2014,423
2014-08-29,31264,14.23113431849198,70.3,80.1,64.0,8.0,0.0,8,False,False,False,False,False,False,False,False,False,False,False,False,False,False,False,False,False,False,False,False,False,False,False,False,False,False,False,False,False,False,2014,424
2014-08-30,22689,17.233491265958545,71.7,79.0,64.0,6.7,0.0,8,False,True,False,False,False,False,False,True,False,False,False,False,False,True,False,False,False,False,False,True,False,False,False,False,False,True,False,False,False,False,2014,425
2014-08-31,18053,17.046679222289928,77.4,91.9,66.9,9.4,0.0,8,False,False,True,False,False,False,False,False,True,False,False,False,False,False,True,False,False,False,False,False,True,False,False,False,False,False,True,False,False,False,2014,426
2014-09-01,23575,19.545633085896085,80.3,91.9,73.0,5.6,0.79,9,True,False,False,False,False,False,True,False,False,False,False,False,True,False,False,False,False,False,True,False,False,False,False,False,True,False,False,False,False,False,2014,427
2014-09-02,30507,13.558917079140308,84.3,93.0,75.9,6.8,0.0,9,False,False,False,False,True,False,False,False,False,False,True,False,False,False,False,False,True,False,False,False,False,False,True,False,False,False,False,False,True,False,2014,428
2014-09-03,35535,13.646317714928944,80.2,93.0,73.0,9.6,0.0,9,False,False,False,False,False,True,False,False,False,False,False,True,False,False,False,False,False,True,False,False,False,False,False,True,False,False,False,False,False,True,2014,429
2014-09-04,36496,14.082504475376298,78.5,86.0,71.1,6.1,0.0,9,False,False,False,True,False,False,False,False,False,True,False,False,False,False,False,True,False,False,False,False,False,True,False,False,False,False,False,True,False,False,2014,430
2014-09-05,34831,14.268615601045047,78.3,86.0,71.1,8.0,0.0,9,False,False,False,False,False,False,False,False,False,False,False,False,False,False,False,False,False,False,False,False,False,False,False,False,False,False,False,False,False,False,2014,431
2014-09-06,25833,15.771490599878708,80.8,91.0,73.0,8.0,0.0,9,False,True,False,False,False,False,False,True,False,False,False,False,False,True,False,False,False,False,False,True,False,False,False,False,False,True,False,False,False,False,2014,432
2014-09-07,29721,17.488032591994436,73.1,91.0,66.0,8.2,0.21,9,False,False,True,False,False,False,False,False,True,False,False,False,False,False,True,False,False,False,False,False,True,False,False,False,False,False,True,False,False,False,2014,433
2014-09-08,34335,14.303210523760988,71.0,80.1,64.9,9.4,0.0,9,True,False,False,False,False,False,True,False,False,False,False,False,True,False,False,False,False,False,True,False,False,False,False,False,True,False,False,False,False,False,2014,434
2014-09-09,34518,13.617086737354423,68.1,77.0,64.0,12.5,0.0,9,False,False,False,False,True,False,False,False,False,False,True,False,False,False,False,False,True,False,False,False,False,False,True,False,False,False,False,False,True,False,2014,435
2014-09-10,37653,14.179311520109064,68.5,75.0,62.6,9.3,0.0,9,False,False,False,False,False,True,False,False,False,False,False,True,False,False,False,False,False,True,False,False,False,False,False,True,False,False,False,False,False,True,2014,436
2014-09-11,37081,13.377529822101168,73.8,84.0,63.0,9.1,0.0,9,False,False,False,True,False,False,False,False,False,True,False,False,False,False,False,True,False,False,False,False,False,True,False,False,False,False,False,True,False,False,2014,437
2014-09-12,37204,15.752581263663403,70.6,84.0,63.0,9.6,0.0,9,False,False,False,False,False,False,False,False,False,False,False,False,False,False,False,False,False,False,False,False,False,False,False,False,False,False,False,False,False,False,2014,438
2014-09-13,17293,15.207226430733051,65.1,71.1,60.8,10.5,0.0,9,False,True,False,False,False,False,False,True,False,False,False,False,False,True,False,False,False,False,False,True,False,False,False,False,False,True,False,False,False,False,2014,439
2014-09-14,28688,17.444886944599364,62.1,71.1,55.0,7.4,0.19,9,False,False,True,False,False,False,False,False,True,False,False,False,False,False,True,False,False,False,False,False,True,False,False,False,False,False,True,False,False,False,2014,440
2014-09-15,35045,14.662093974413846,63.6,73.0,55.0,6.5,0.0,9,True,False,False,False,False,False,True,False,False,False,False,False,True,False,False,False,False,False,True,False,False,False,False,False,True,False,False,False,False,False,2014,441
2014-09-16,25633,13.024798762012512,63.9,73.0,55.0,5.6,0.01,9,False,False,False,False,True,False,False,False,False,False,True,False,False,False,False,False,True,False,False,False,False,False,True,False,False,False,False,False,True,False,2014,442
2014-09-17,37453,13.742398027750331,65.9,73.0,57.9,4.3,0.41,9,False,False,False,False,False,True,False,False,False,False,False,True,False,False,False,False,False,True,False,False,False,False,False,True,False,False,False,False,False,True,2014,443
2014-09-18,37381,15.109120052076372,67.6,75.0,59.0,4.6,0.0,9,False,False,False,True,False,False,False,False,False,True,False,False,False,False,False,True,False,False,False,False,False,True,False,False,False,False,False,True,False,False,2014,444
2014-09-19,34713,13.759263580406955,62.1,75.0,55.0,10.3,0.0,9,False,False,False,False,False,False,False,False,False,False,False,False,False,False,False,False,False,False,False,False,False,False,False,False,False,False,False,False,False,False,2014,445
2014-09-20,30011,16.831377939200074,65.0,73.9,55.0,9.1,0.0,9,False,True,False,False,False,False,False,True,False,False,False,False,False,True,False,False,False,False,False,True,False,False,False,False,False,True,False,False,False,False,2014,446
2014-09-21,26080,16.30760161042945,70.4,77.0,57.9,3.5,0.21,9,False,False,True,False,False,False,False,False,True,False,False,False,False,False,True,False,False,False,False,False,True,False,False,False,False,False,True,False,False,False,2014,447
2014-09-22,33239,13.489832726616331,68.8,77.0,61.0,11.1,0.0,9,True,False,False,False,False,False,True,False,False,False,False,False,True,False,False,False,False,False,True,False,False,False,False,False,True,False,False,False,False,False,2014,448
2014-09-23,36347,14.318372447061195,60.9,73.0,54.0,7.0,0.0,9,False,False,False,False,True,False,False,False,False,False,True,False,False,False,False,False,True,False,False,False,False,False,True,False,False,False,False,False,True,False,2014,449
2014-09-24,35481,14.156379940437606,65.0,73.0,54.0,8.1,0.0,9,False,False,False,False,False,True,False,False,False,False,False,True,False,False,False,False,False,True,False,False,False,False,False,True,False,False,False,False,False,True,2014,450
2014-09-25,16650,12.309901901901904,62.6,70.0,57.9,13.0,0.02,9,False,False,False,True,False,False,False,False,False,True,False,False,False,False,False,True,False,False,False,False,False,True,False,False,False,False,False,True,False,False,2014,451
2014-09-26,35116,14.915348179367427,66.4,77.0,57.9,7.0,0.15,9,False,False,False,False,False,False,False,False,False,False,False,False,False,False,False,False,False,False,False,False,False,False,False,False,False,False,False,False,False,False,2014,452
2014-09-27,30193,18.08473211229976,72.6,82.9,60.1,3.6,0.0,9,False,True,False,False,False,False,False,True,False,False,False,False,False,True,False,False,False,False,False,True,False,False,False,False,False,True,False,False,False,False,2014,453
2014-09-28,29021,18.296087890378228,73.4,84.0,64.9,3.2,0.0,9,False,False,True,False,False,False,False,False,True,False,False,False,False,False,True,False,False,False,False,False,True,False,False,False,False,False,True,False,False,False,2014,454
2014-09-29,33161,15.074445382628188,72.7,84.0,64.9,4.1,0.0,9,True,False,False,False,False,False,True,False,False,False,False,False,True,False,False,False,False,False,True,False,False,False,False,False,True,False,False,False,False,False,2014,455
2014-09-30,35093,15.192419665840294,69.0,73.9,64.4,6.2,0.0,9,False,False,False,False,True,False,False,False,False,False,True,False,False,False,False,False,True,False,False,False,False,False,True,False,False,False,False,False,True,False,2014,456
2014-10-01,27942,12.342573306611309,63.3,66.2,60.8,8.4,0.04,10,False,False,False,False,False,True,False,False,False,False,False,True,False,False,False,False,False,True,False,False,False,False,False,True,False,False,False,False,False,True,2014,457
2014-10-02,34492,14.133840697359773,63.3,68.0,60.1,9.1,0.0,10,False,False,False,True,False,False,False,False,False,True,False,False,False,False,False,True,False,False,False,False,False,True,False,False,False,False,False,True,False,False,2014,458
2014-10-03,34944,15.281557158119664,62.4,69.1,57.0,6.8,0.0,10,False,False,False,False,False,False,False,False,False,False,False,False,False,False,False,False,False,False,False,False,False,False,False,False,False,False,False,False,False,False,2014,459
2014-10-04,13354,14.132470920073889,65.0,71.1,57.0,10.0,0.07,10,False,True,False,False,False,False,False,True,False,False,False,False,False,True,False,False,False,False,False,True,False,False,False,False,False,True,False,False,False,False,2014,460
2014-10-05,23456,15.738347686448389,54.2,71.1,46.9,12.2,0.98,10,False,False,True,False,False,False,False,False,True,False,False,False,False,False,True,False,False,False,False,False,True,False,False,False,False,False,True,False,False,False,2014,461
2014-10-06,31742,13.726223405372483,59.2,71.1,46.9,8.5,0.0,10,True,False,False,False,False,False,True,False,False,False,False,False,True,False,False,False,False,False,True,False,False,False,False,False,True,False,False,False,False,False,2014,462
2014-10-07,32892,13.510334833191456,67.1,72.0,51.1,11.4,0.0,10,False,False,False,False,True,False,False,False,False,False,True,False,False,False,False,False,True,False,False,False,False,False,True,False,False,False,False,False,True,False,2014,463
2014-10-08,33607,16.68394828458357,67.6,73.0,64.0,13.5,0.06,10,False,False,False,False,False,True,False,False,False,False,False,True,False,False,False,False,False,True,False,False,False,False,False,True,False,False,False,False,False,True,2014,464
2014-10-09,32203,13.67804655880922,64.2,73.0,57.9,12.6,0.03,10,False,False,False,True,False,False,False,False,False,True,False,False,False,False,False,True,False,False,False,False,False,True,False,False,False,False,False,True,False,False,2014,465
2014-10-10,30887,14.82013954090718,60.3,69.1,54.0,6.5,0.0,10,False,False,False,False,False,False,False,False,False,False,False,False,False,False,False,False,False,False,False,False,False,False,False,False,False,False,False,False,False,False,2014,466
2014-10-11,12965,14.296921198097442,56.2,62.1,51.8,6.2,0.13,10,False,True,False,False,False,False,False,True,False,False,False,False,False,True,False,False,False,False,False,True,False,False,False,False,False,True,False,False,False,False,2014,467
2014-10-12,23394,17.592083440198337,55.1,62.1,48.9,5.3,0.2,10,False,False,True,False,False,False,False,False,True,False,False,False,False,False,True,False,False,False,False,False,True,False,False,False,False,False,True,False,False,False,2014,468
2014-10-13,22752,13.443484821847166,58.8,66.0,48.9,4.4,0.0,10,True,False,False,False,False,False,True,False,False,False,False,False,True,False,False,False,False,False,True,False,False,False,False,False,True,False,False,False,False,False,2014,469
2014-10-14,32614,18.747257312810447,67.6,75.9,53.1,8.5,0.03,10,False,False,False,False,True,False,False,False,False,False,True,False,False,False,False,False,True,False,False,False,False,False,True,False,False,False,False,False,True,False,2014,470
2014-10-15,28743,13.511033990884732,71.9,78.1,64.0,12.9,0.0,10,False,False,False,False,False,True,False,False,False,False,False,True,False,False,False,False,False,True,False,False,False,False,False,True,False,False,False,False,False,True,2014,471
2014-10-16,26754,13.5933978719693,69.8,78.1,64.9,11.0,0.72,10,False,False,False,True,False,False,False,False,False,True,False,False,False,False,False,True,False,False,False,False,False,True,False,False,False,False,False,True,False,False,2014,472
2014-10-17,34132,15.25180475799836,65.8,72.0,61.0,8.7,0.08,10,False,False,False,False,False,False,False,False,False,False,False,False,False,False,False,False,False,False,False,False,False,False,False,False,False,False,False,False,False,False,2014,473
2014-10-18,24978,17.851717511410047,64.1,72.0,60.1,8.9,0.0,10,False,True,False,False,False,False,False,True,False,False,False,False,False,True,False,False,False,False,False,True,False,False,False,False,False,True,False,False,False,False,2014,474
2014-10-19,18840,14.547722929936304,54.5,70.0,48.0,14.8,0.0,10,False,False,True,False,False,False,False,False,True,False,False,False,False,False,True,False,False,False,False,False,True,False,False,False,False,False,True,False,False,False,2014,475
2014-10-20,27914,17.183799646533398,49.8,61.0,44.1,8.4,0.0,10,True,False,False,False,False,False,True,False,False,False,False,False,True,False,False,False,False,False,True,False,False,False,False,False,True,False,False,False,False,False,2014,476
2014-10-21,31330,13.243528034897333,60.0,68.0,44.1,5.6,0.0,10,False,False,False,False,True,False,False,False,False,False,True,False,False,False,False,False,True,False,False,False,False,False,True,False,False,False,False,False,True,False,2014,477
2014-10-22,9169,11.838021230959392,57.0,68.0,52.0,11.5,0.35,10,False,False,False,False,False,True,False,False,False,False,False,True,False,False,False,False,False,True,False,False,False,False,False,True,False,False,False,False,False,True,2014,478
2014-10-23,13371,12.233315882631564,52.2,59.0,51.1,15.6,1.0,10,False,False,False,True,False,False,False,False,False,True,False,False,False,False,False,True,False,False,False,False,False,True,False,False,False,False,False,True,False,False,2014,479
2014-10-24,29837,13.538779591335144,54.7,62.1,51.1,11.2,0.23,10,False,False,False,False,False,False,False,False,False,False,False,False,False,False,False,False,False,False,False,False,False,False,False,False,False,False,False,False,False,False,2014,480
2014-10-25,24952,16.5570815966656,58.7,68.0,51.1,8.3,0.0,10,False,True,False,False,False,False,False,True,False,False,False,False,False,True,False,False,False,False,False,True,False,False,False,False,False,True,False,False,False,False,2014,481
2014-10-26,20768,15.548127728556752,59.6,68.0,52.0,13.3,0.0,10,False,False,True,False,False,False,False,False,True,False,False,False,False,False,True,False,False,False,False,False,True,False,False,False,False,False,True,False,False,False,2014,482
2014-10-27,28806,14.050002892915831,57.0,64.0,51.1,11.0,0.0,10,True,False,False,False,False,False,True,False,False,False,False,False,True,False,False,False,False,False,True,False,False,False,False,False,True,False,False,False,False,False,2014,483
2014-10-28,32956,12.994410729457458,60.4,72.0,51.1,6.1,0.0,10,False,False,False,False,True,False,False,False,False,False,True,False,False,False,False,False,True,False,False,False,False,False,True,False,False,False,False,False,True,False,2014,484
2014-10-29,29999,12.749371645721522,64.2,72.0,53.1,7.1,0.0,10,False,False,False,False,False,True,False,False,False,False,False,True,False,False,False,False,False,True,False,False,False,False,False,True,False,False,False,False,False,True,2014,485
2014-10-30,31133,13.208668722363193,54.0,72.0,50.0,8.4,0.0,10,False,False,False,True,False,False,False,False,False,True,False,False,False,False,False,True,False,False,False,False,False,True,False,False,False,False,False,True,False,False,2014,486
2014-10-31,27785,18.07044448443405,49.9,57.9,45.0,9.3,0.0,10,False,False,False,False,False,False,False,False,False,False,False,False,False,False,False,False,False,False,False,False,False,False,False,False,False,False,False,False,False,False,2014,487
2014-11-01,6002,11.192083194490722,48.1,55.0,45.0,15.1,0.05,11,False,True,False,False,False,False,False,True,False,False,False,False,False,True,False,False,False,False,False,True,False,False,False,False,False,True,False,False,False,False,2014,488
2014-11-02,14100,16.124030732860522,44.6,48.0,42.1,19.4,0.17,11,False,False,True,False,False,False,False,False,True,False,False,False,False,False,True,False,False,False,False,False,True,False,False,False,False,False,True,False,False,False,2014,489
2014-11-03,26757,13.74644703566668,48.1,62.1,41.0,13.6,0.0,11,True,False,False,False,False,False,True,False,False,False,False,False,True,False,False,False,False,False,True,False,False,False,False,False,True,False,False,False,False,False,2014,490
2014-11-04,31174,13.306952909475848,60.2,69.1,41.0,8.5,0.0,11,False,False,False,False,True,False,False,False,False,False,True,False,False,False,False,False,True,False,False,False,False,False,True,False,False,False,False,False,True,False,2014,491
2014-11-05,30539,14.52771810908456,61.4,69.1,55.0,9.0,0.0,11,False,False,False,False,False,True,False,False,False,False,False,True,False,False,False,False,False,True,False,False,False,False,False,True,False,False,False,False,False,True,2014,492
2014-11-06,12283,12.065164590626612,52.7,64.0,48.0,5.3,0.13,11,False,False,False,True,False,False,False,False,False,True,False,False,False,False,False,True,False,False,False,False,False,True,False,False,False,False,False,True,False,False,2014,493
2014-11-07,25355,12.322618812857424,49.6,59.0,45.0,12.9,0.21,11,False,False,False,False,False,False,False,False,False,False,False,False,False,False,False,False,False,False,False,False,False,False,False,False,False,False,False,False,False,False,2014,494
2014-11-08,17443,14.520727512469186,42.4,52.0,37.9,11.0,0.0,11,False,True,False,False,False,False,False,True,False,False,False,False,False,True,False,False,False,False,False,True,False,False,False,False,False,True,False,False,False,False,2014,495
2014-11-09,18207,15.17010948170118,49.9,57.0,37.9,6.2,0.0,11,False,False,True,False,False,False,False,False,True,False,False,False,False,False,True,False,False,False,False,False,True,False,False,False,False,False,True,False,False,False,2014,496
2014-11-10,27655,12.945201591032363,51.8,61.0,42.1,3.4,0.0,11,True,False,False,False,False,False,True,False,False,False,False,False,True,False,False,False,False,False,True,False,False,False,False,False,True,False,False,False,False,False,2014,497
2014-11-11,29358,12.823087403774094,54.9,64.0,42.1,5.0,0.0,11,False,False,False,False,True,False,False,False,False,False,True,False,False,False,False,False,True,False,False,False,False,False,True,False,False,False,False,False,True,False,2014,498
2014-11-12,27807,12.878346579398473,58.7,66.0,46.9,5.6,0.0,11,False,False,False,False,False,True,False,False,False,False,False,True,False,False,False,False,False,True,False,False,False,False,False,True,False,False,False,False,False,True,2014,499
2014-11-13,20652,14.003687294208792,45.7,66.0,39.9,5.3,0.0,11,False,False,False,True,False,False,False,False,False,True,False,False,False,False,False,True,False,False,False,False,False,True,False,False,False,False,False,True,False,False,2014,500
2014-11-14,21082,12.606940359864655,39.3,48.0,36.0,12.4,0.2,11,False,False,False,False,False,False,False,False,False,False,False,False,False,False,False,False,False,False,False,False,False,False,False,False,False,False,False,False,False,False,2014,501
2014-11-15,14057,12.988551374167082,37.8,43.0,34.0,9.7,0.03,11,False,True,False,False,False,False,False,True,False,False,False,False,False,True,False,False,False,False,False,True,False,False,False,False,False,True,False,False,False,False,2014,502
2014-11-16,13272,13.0463821076954,39.4,44.1,34.0,5.4,0.0,11,False,False,True,False,False,False,False,False,True,False,False,False,False,False,True,False,False,False,False,False,True,False,False,False,False,False,True,False,False,False,2014,503
2014-11-17,8116,12.37136520453425,43.6,53.1,35.1,5.8,0.51,11,True,False,False,False,False,False,True,False,False,False,False,False,True,False,False,False,False,False,True,False,False,False,False,False,True,False,False,False,False,False,2014,504
2014-11-18,16691,11.099698440277196,37.1,53.1,28.0,16.2,1.0,11,False,False,False,False,True,False,False,False,False,False,True,False,False,False,False,False,True,False,False,False,False,False,True,False,False,False,False,False,True,False,2014,505
2014-11-19,16694,13.006334611237568,26.7,46.0,21.9,12.9,0.0,11,False,False,False,False,False,True,False,False,False,False,False,True,False,False,False,False,False,True,False,False,False,False,False,True,False,False,False,False,False,True,2014,506
2014-11-20,20611,12.01312325133828,38.1,46.0,21.9,11.2,0.0,11,False,False,False,True,False,False,False,False,False,True,False,False,False,False,False,True,False,False,False,False,False,True,False,False,False,False,False,True,False,False,2014,507
2014-11-21,17806,10.811233104945895,33.1,46.0,28.0,15.8,0.0,11,False,False,False,False,False,False,False,False,False,False,False,False,False,False,False,False,False,False,False,False,False,False,False,False,False,False,False,False,False,False,2014,508
2014-11-22,12682,13.606544709036427,34.3,43.0,28.0,8.8,0.0,11,False,True,False,False,False,False,False,True,False,False,False,False,False,True,False,False,False,False,False,True,False,False,False,False,False,True,False,False,False,False,2014,509
2014-11-23,15669,14.317903716467756,46.9,55.0,28.9,7.9,0.0,11,False,False,True,False,False,False,False,False,True,False,False,False,False,False,True,False,False,False,False,False,True,False,False,False,False,False,True,False,False,False,2014,510
2014-11-24,23031,12.72771409549448,57.5,64.0,44.1,10.6,0.61,11,True,False,False,False,False,False,True,False,False,False,False,False,True,False,False,False,False,False,True,False,False,False,False,False,True,False,False,False,False,False,2014,511
2014-11-25,25580,14.144878160020848,60.1,66.9,48.9,9.7,0.0,11,False,False,False,False,True,False,False,False,False,False,True,False,False,False,False,False,True,False,False,False,False,False,True,False,False,False,False,False,True,False,2014,512
2014-11-26,3675,12.75508390022676,44.0,53.1,33.8,9.8,0.0,11,False,False,False,False,False,True,False,False,False,False,False,True,False,False,False,False,False,True,False,False,False,False,False,True,False,False,False,False,False,True,2014,513
2014-11-27,3945,11.85624419095902,36.5,51.1,34.0,11.3,1.07,11,False,False,False,True,False,False,False,False,False,True,False,False,False,False,False,True,False,False,False,False,False,True,False,False,False,False,False,True,False,False,2014,514
2014-11-28,8378,11.867243574440996,34.4,37.9,30.9,13.1,0.01,11,False,False,False,False,False,False,False,False,False,False,False,False,False,False,False,False,False,False,False,False,False,False,False,False,False,False,False,False,False,False,2014,515
2014-11-29,8183,11.973750458267144,31.4,37.0,28.9,5.9,0.0,11,False,True,False,False,False,False,False,True,False,False,False,False,False,True,False,False,False,False,False,True,False,False,False,False,False,True,False,False,False,False,2014,516
2014-11-30,12384,14.758551356589146,46.5,53.1,28.9,7.7,0.0,11,False,False,True,False,False,False,False,False,True,False,False,False,False,False,True,False,False,False,False,False,True,False,False,False,False,False,True,False,False,False,2014,517
2014-12-01,18519,12.885524776355815,55.4,64.0,44.1,7.6,0.0,12,True,False,False,False,False,False,True,False,False,False,False,False,True,False,False,False,False,False,True,False,False,False,False,False,True,False,False,False,False,False,2014,518
2014-12-02,15367,11.433989501312336,39.7,46.0,35.1,12.3,0.05,12,False,False,False,False,True,False,False,False,False,False,True,False,False,False,False,False,True,False,False,False,False,False,True,False,False,False,False,False,True,False,2014,519
2014-12-03,13472,14.234154790182108,43.5,46.9,35.1,8.3,0.12,12,False,False,False,False,False,True,False,False,False,False,False,True,False,False,False,False,False,True,False,False,False,False,False,True,False,False,False,False,False,True,2014,520
2014-12-04,21335,11.880248418092338,42.0,46.9,37.9,11.3,0.09,12,False,False,False,True,False,False,False,False,False,True,False,False,False,False,False,True,False,False,False,False,False,True,False,False,False,False,False,True,False,False,2014,521
2014-12-05,15818,12.185782020482996,38.4,46.0,34.0,9.3,0.0,12,False,False,False,False,False,False,False,False,False,False,False,False,False,False,False,False,False,False,False,False,False,False,False,False,False,False,False,False,False,False,2014,522
2014-12-06,4047,13.02293468412816,44.9,48.9,34.0,4.1,0.7,12,False,True,False,False,False,False,False,True,False,False,False,False,False,True,False,False,False,False,False,True,False,False,False,False,False,True,False,False,False,False,2014,523
2014-12-07,10510,11.942905169679673,39.4,48.9,34.0,15.3,1.14,12,False,False,True,False,False,False,False,False,True,False,False,False,False,False,True,False,False,False,False,False,True,False,False,False,False,False,True,False,False,False,2014,524
2014-12-08,15557,11.212750958839536,29.8,34.0,24.8,13.7,0.03,12,True,False,False,False,False,False,True,False,False,False,False,False,True,False,False,False,False,False,True,False,False,False,False,False,True,False,False,False,False,False,2014,525
2014-12-09,6713,11.39864690401708,38.7,45.0,25.0,18.1,0.45,12,False,False,False,False,True,False,False,False,False,False,True,False,False,False,False,False,True,False,False,False,False,False,True,False,False,False,False,False,True,False,2014,526
2014-12-10,10399,11.292754110972204,38.6,45.0,32.0,14.8,2.26,12,False,False,False,False,False,True,False,False,False,False,False,True,False,False,False,False,False,True,False,False,False,False,False,True,False,False,False,False,False,True,2014,527
2014-12-11,18141,11.962103338661963,34.2,37.0,30.2,14.9,0.02,12,False,False,False,True,False,False,False,False,False,True,False,False,False,False,False,True,False,False,False,False,False,True,False,False,False,False,False,True,False,False,2014,528
2014-12-12,17892,11.387605261196814,34.5,37.9,30.9,12.7,0.03,12,False,False,False,False,False,False,False,False,False,False,False,False,False,False,False,False,False,False,False,False,False,False,False,False,False,False,False,False,False,False,2014,529
2014-12-13,12549,16.932308019231275,37.2,44.1,32.0,13.7,0.0,12,False,True,False,False,False,False,False,True,False,False,False,False,False,True,False,False,False,False,False,True,False,False,False,False,False,True,False,False,False,False,2014,530
2014-12-14,11941,13.483606900594593,40.4,45.0,35.1,11.3,0.0,12,False,False,True,False,False,False,False,False,True,False,False,False,False,False,True,False,False,False,False,False,True,False,False,False,False,False,True,False,False,False,2014,531
2014-12-15,19382,11.993359818388198,41.6,48.9,37.0,5.9,0.0,12,True,False,False,False,False,False,True,False,False,False,False,False,True,False,False,False,False,False,True,False,False,False,False,False,True,False,False,False,False,False,2014,532
2014-12-16,16816,11.871855177608625,41.5,48.9,36.0,5.6,0.0,12,False,False,False,False,True,False,False,False,False,False,True,False,False,False,False,False,True,False,False,False,False,False,True,False,False,False,False,False,True,False,2014,533
2014-12-17,20346,11.689852223205216,46.5,53.1,36.0,8.6,0.19,12,False,False,False,False,False,True,False,False,False,False,False,True,False,False,False,False,False,True,False,False,False,False,False,True,False,False,False,False,False,True,2014,534
2014-12-18,19051,11.244470106556085,41.0,53.1,37.9,15.4,0.03,12,False,False,False,True,False,False,False,False,False,True,False,False,False,False,False,True,False,False,False,False,False,True,False,False,False,False,False,True,False,False,2014,535
2014-12-19,17200,11.366994186046508,36.8,43.0,33.1,13.5,0.0,12,False,False,False,False,False,False,False,False,False,False,False,False,False,False,False,False,False,False,False,False,False,False,False,False,False,False,False,False,False,False,2014,536
2014-12-20,9582,11.221432547136994,31.9,37.9,30.0,7.8,0.0,12,False,True,False,False,False,False,False,True,False,False,False,False,False,True,False,False,False,False,False,True,False,False,False,False,False,True,False,False,False,False,2014,537
2014-12-21,8747,12.430042681300254,33.1,36.0,30.0,5.7,0.0,12,False,False,True,False,False,False,False,False,True,False,False,False,False,False,True,False,False,False,False,False,True,False,False,False,False,False,True,False,False,False,2014,538
2014-12-22,13560,12.20233284169125,37.9,43.0,32.0,7.1,0.0,12,True,False,False,False,False,False,True,False,False,False,False,False,True,False,False,False,False,False,True,False,False,False,False,False,True,False,False,False,False,False,2014,539
2014-12-23,9422,11.695476898040049,44.1,46.4,42.8,9.9,0.17,12,False,False,False,False,True,False,False,False,False,False,True,False,False,False,False,False,True,False,False,False,False,False,True,False,False,False,False,False,True,False,2014,540
2014-12-24,4285,11.67763905095294,44.5,54.0,42.8,7.8,0.08,12,False,False,False,False,False,True,False,False,False,False,False,True,False,False,False,False,False,True,False,False,False,False,False,True,False,False,False,False,False,True,2014,541
2014-12-25,4890,18.956530334015,52.6,63.0,43.0,12.0,0.71,12,False,False,False,True,False,False,False,False,False,True,False,False,False,False,False,True,False,False,False,False,False,True,False,False,False,False,False,True,False,False,2014,542
2014-12-26,9895,14.202627589691764,45.3,63.0,39.9,9.4,0.07,12,False,False,False,False,False,False,False,False,False,False,False,False,False,False,False,False,False,False,False,False,False,False,False,False,False,False,False,False,False,False,2014,543
2014-12-27,10247,16.139143163852843,47.4,55.0,39.9,4.6,0.0,12,False,True,False,False,False,False,False,True,False,False,False,False,False,True,False,False,False,False,False,True,False,False,False,False,False,True,False,False,False,False,2014,544
2014-12-28,7902,13.04457521302624,48.1,55.0,42.1,6.8,0.0,12,False,False,True,False,False,False,False,False,True,False,False,False,False,False,True,False,False,False,False,False,True,False,False,False,False,False,True,False,False,False,2014,545
2014-12-29,13549,13.280457352326124,41.3,52.0,37.9,10.0,0.1,12,True,False,False,False,False,False,True,False,False,False,False,False,True,False,False,False,False,False,True,False,False,False,False,False,True,False,False,False,False,False,2014,546
2014-12-30,12196,11.50089646878758,32.6,44.1,28.9,8.0,0.0,12,False,False,False,False,True,False,False,False,False,False,True,False,False,False,False,False,True,False,False,False,False,False,True,False,False,False,False,False,True,False,2014,547
2014-12-31,9739,12.678344799260698,29.4,35.1,27.0,7.8,0.0,12,False,False,False,False,False,True,False,False,False,False,False,True,False,False,False,False,False,True,False,False,False,False,False,True,False,False,False,False,False,True,2014,548
2015-01-01,5317,13.363444298163126,31.2,39.0,27.0,11.5,0.0,1,False,False,False,True,False,False,False,False,False,True,False,False,False,False,False,True,False,False,False,False,False,True,False,False,False,False,False,True,False,False,2015,549
2015-01-02,11304,12.187349610757252,38.6,42.1,27.0,12.6,0.0,1,False,False,False,False,False,False,False,False,False,False,False,False,False,False,False,False,False,False,False,False,False,False,False,False,False,False,False,False,False,False,2015,550
2015-01-03,4478,10.921404644930773,35.2,42.1,30.9,8.1,0.0,1,False,True,False,False,False,False,False,True,False,False,False,False,False,True,False,False,False,False,False,True,False,False,False,False,False,True,False,False,False,False,2015,551
2015-01-04,7849,11.325903512124688,45.1,57.0,30.9,8.4,0.85,1,False,False,True,False,False,False,False,False,True,False,False,False,False,False,True,False,False,False,False,False,True,False,False,False,False,False,True,False,False,False,2015,552
2015-01-05,14506,10.630196700216002,42.5,57.0,28.9,18.2,0.13,1,True,False,False,False,False,False,True,False,False,False,False,False,True,False,False,False,False,False,True,False,False,False,False,False,True,False,False,False,False,False,2015,553
2015-01-06,8739,10.582040279208144,21.2,28.9,17.6,8.7,0.0,1,False,False,False,False,True,False,False,False,False,False,True,False,False,False,False,False,True,False,False,False,False,False,True,False,False,False,False,False,True,False,2015,554
2015-01-07,9646,9.820182804616769,21.7,25.0,15.1,14.8,0.05,1,False,False,False,False,False,True,False,False,False,False,False,True,False,False,False,False,False,True,False,False,False,False,False,True,False,False,False,False,False,True,2015,555
2015-01-08,8779,9.931015301666855,13.2,25.0,8.1,14.6,0.0,1,False,False,False,True,False,False,False,False,False,True,False,False,False,False,False,True,False,False,False,False,False,True,False,False,False,False,False,True,False,False,2015,556
2015-01-09,7930,10.61096469104666,24.0,33.1,8.1,13.3,0.0,1,False,False,False,False,False,False,False,False,False,False,False,False,False,False,False,False,False,False,False,False,False,False,False,False,False,False,False,False,False,False,2015,557
2015-01-10,6109,9.933761663119984,21.7,33.1,17.1,13.3,0.06,1,False,True,False,False,False,False,False,True,False,False,False,False,False,True,False,False,False,False,False,True,False,False,False,False,False,True,False,False,False,False,2015,558
2015-01-11,7467,10.38454086871122,24.8,37.0,17.1,8.5,0.0,1,False,False,True,False,False,False,False,False,True,False,False,False,False,False,True,False,False,False,False,False,True,False,False,False,False,False,True,False,False,False,2015,559
2015-01-12,8645,10.394794679005203,36.0,37.9,19.0,5.6,0.0,1,True,False,False,False,False,False,True,False,False,False,False,False,True,False,False,False,False,False,True,False,False,False,False,False,True,False,False,False,False,False,2015,560
2015-01-13,12797,10.308126904743302,30.2,39.0,19.0,12.1,0.39,1,False,False,False,False,True,False,False,False,False,False,True,False,False,False,False,False,True,False,False,False,False,False,True,False,False,False,False,False,True,False,2015,561
2015-01-14,13086,10.383807122115236,22.0,36.0,17.1,9.1,0.0,1,False,False,False,False,False,True,False,False,False,False,False,True,False,False,False,False,False,True,False,False,False,False,False,True,False,False,False,False,False,True,2015,562
2015-01-15,14075,10.556677323860274,29.5,34.0,17.1,7.6,0.0,1,False,False,False,True,False,False,False,False,False,True,False,False,False,False,False,True,False,False,False,False,False,True,False,False,False,False,False,True,False,False,2015,563
2015-01-16,13843,10.422846685448723,34.0,42.1,25.0,13.0,0.0,1,False,False,False,False,False,False,False,False,False,False,False,False,False,False,False,False,False,False,False,False,False,False,False,False,False,False,False,False,False,False,2015,564
2015-01-17,7491,10.954093801450629,22.3,42.1,17.1,11.8,0.0,1,False,True,False,False,False,False,False,True,False,False,False,False,False,True,False,False,False,False,False,True,False,False,False,False,False,True,False,False,False,False,2015,565
2015-01-18,1795,12.05790157845868,32.7,41.0,17.1,4.6,0.0,1,False,False,True,False,False,False,False,False,True,False,False,False,False,False,True,False,False,False,False,False,True,False,False,False,False,False,True,False,False,False,2015,566
2015-01-19,10710,11.528778400248992,39.4,43.0,28.9,12.3,1.98,1,True,False,False,False,False,False,True,False,False,False,False,False,True,False,False,False,False,False,True,False,False,False,False,False,True,False,False,False,False,False,2015,567
2015-01-20,16129,10.797786595573196,37.2,42.1,34.0,9.6,0.0,1,False,False,False,False,True,False,False,False,False,False,True,False,False,False,False,False,True,False,False,False,False,False,True,False,False,False,False,False,True,False,2015,568
2015-01-21,15234,10.447485886832084,30.5,39.9,25.0,7.0,0.0,1,False,False,False,False,False,True,False,False,False,False,False,True,False,False,False,False,False,True,False,False,False,False,False,True,False,False,False,False,False,True,2015,569
2015-01-22,15864,10.675724911749873,34.0,39.0,25.0,5.3,0.0,1,False,False,False,True,False,False,False,False,False,True,False,False,False,False,False,True,False,False,False,False,False,True,False,False,False,False,False,True,False,False,2015,570
2015-01-23,15737,10.659342102476122,32.4,39.0,28.0,9.9,0.0,1,False,False,False,False,False,False,False,False,False,False,False,False,False,False,False,False,False,False,False,False,False,False,False,False,False,False,False,False,False,False,2015,571
2015-01-24,4814,10.505058163689244,35.1,39.9,28.0,8.3,0.66,1,False,True,False,False,False,False,False,True,False,False,False,False,False,True,False,False,False,False,False,True,False,False,False,False,False,True,False,False,False,False,2015,572
2015-01-25,9379,12.021174965348116,37.6,42.1,32.0,12.8,0.07,1,False,False,True,False,False,False,False,False,True,False,False,False,False,False,True,False,False,False,False,False,True,False,False,False,False,False,True,False,False,False,2015,573
2015-01-26,4141,11.085237060291393,26.6,35.1,21.2,14.7,0.0,1,True,False,False,False,False,False,True,False,False,False,False,False,True,False,False,False,False,False,True,False,False,False,False,False,True,False,False,False,False,False,2015,574
2015-01-27,1214,15.93785008237232,24.4,30.0,19.9,14.9,0.45,1,False,False,False,False,True,False,False,False,False,False,True,False,False,False,False,False,True,False,False,False,False,False,True,False,False,False,False,False,True,False,2015,575
2015-01-28,5401,14.17428562611862,23.5,34.0,17.1,11.7,0.01,1,False,False,False,False,False,True,False,False,False,False,False,True,False,False,False,False,False,True,False,False,False,False,False,True,False,False,False,False,False,True,2015,576
2015-01-29,8870,12.531798196166855,26.3,34.0,17.1,6.1,0.0,1,False,False,False,True,False,False,False,False,False,True,False,False,False,False,False,True,False,False,False,False,False,True,False,False,False,False,False,True,False,False,2015,577
2015-01-30,9015,10.857901645405803,33.9,37.0,21.0,10.8,0.07,1,False,False,False,False,False,False,False,False,False,False,False,False,False,False,False,False,False,False,False,False,False,False,False,False,False,False,False,False,False,False,2015,578
2015-01-31,5188,10.446366615265998,20.4,37.0,12.9,21.5,0.01,1,False,True,False,False,False,False,False,True,False,False,False,False,False,True,False,False,False,False,False,True,False,False,False,False,False,True,False,False,False,False,2015,579
2015-02-01,6441,10.635820007245249,27.5,36.0,12.9,8.8,0.0,2,False,False,True,False,False,False,False,False,True,False,False,False,False,False,True,False,False,False,False,False,True,False,False,False,False,False,True,False,False,False,2015,580
2015-02-02,1459,15.347703906785464,29.6,36.0,19.9,11.2,0.84,2,True,False,False,False,False,False,True,False,False,False,False,False,True,False,False,False,False,False,True,False,False,False,False,False,True,False,False,False,False,False,2015,581
2015-02-03,4754,12.787074042911232,19.3,33.1,14.0,13.4,0.26,2,False,False,False,False,True,False,False,False,False,False,True,False,False,False,False,False,True,False,False,False,False,False,True,False,False,False,False,False,True,False,2015,582
2015-02-04,8973,11.625942642743048,30.0,39.9,14.0,5.6,0.0,2,False,False,False,False,False,True,False,False,False,False,False,True,False,False,False,False,False,True,False,False,False,False,False,True,False,False,False,False,False,True,2015,583
2015-02-05,9208,10.38994533738778,33.2,41.0,21.0,12.1,0.0,2,False,False,False,True,False,False,False,False,False,True,False,False,False,False,False,True,False,False,False,False,False,True,False,False,False,False,False,True,False,False,2015,584
2015-02-06,8575,10.61861613216715,18.1,39.9,12.0,13.3,0.0,2,False,False,False,False,False,False,False,False,False,False,False,False,False,False,False,False,False,False,False,False,False,False,False,False,False,False,False,False,False,False,2015,585
2015-02-07,6790,11.441013745704463,29.0,36.0,12.0,7.1,0.0,2,False,True,False,False,False,False,False,True,False,False,False,False,False,True,False,False,False,False,False,True,False,False,False,False,False,True,False,False,False,False,2015,586
2015-02-08,6662,11.115628439907937,33.0,36.0,26.1,8.9,0.01,2,False,False,True,False,False,False,False,False,True,False,False,False,False,False,True,False,False,False,False,False,True,False,False,False,False,False,True,False,False,False,2015,587
2015-02-09,5160,10.565529715762278,28.9,35.6,25.9,15.3,0.03,2,True,False,False,False,False,False,True,False,False,False,False,False,True,False,False,False,False,False,True,False,False,False,False,False,True,False,False,False,False,False,2015,588
2015-02-10,10328,10.637577459333848,29.9,39.0,26.1,11.0,0.04,2,False,False,False,False,True,False,False,False,False,False,True,False,False,False,False,False,True,False,False,False,False,False,True,False,False,False,False,False,True,False,2015,589
2015-02-11,11439,10.817006148556112,28.4,39.0,21.9,9.3,0.0,2,False,False,False,False,False,True,False,False,False,False,False,True,False,False,False,False,False,True,False,False,False,False,False,True,False,False,False,False,False,True,2015,590
2015-02-12,11269,10.797302333836193,32.3,39.9,21.9,6.9,0.0,2,False,False,False,True,False,False,False,False,False,True,False,False,False,False,False,True,False,False,False,False,False,True,False,False,False,False,False,True,False,False,2015,591
2015-02-13,7642,10.384181715083312,17.6,39.9,9.0,18.2,0.0,2,False,False,False,False,False,False,False,False,False,False,False,False,False,False,False,False,False,False,False,False,False,False,False,False,False,False,False,False,False,False,2015,592
2015-02-14,4614,10.430779511631266,22.9,32.0,9.0,7.1,0.0,2,False,True,False,False,False,False,False,True,False,False,False,False,False,True,False,False,False,False,False,True,False,False,False,False,False,True,False,False,False,False,2015,593
2015-02-15,2581,9.49764303241638,20.5,32.0,10.9,19.7,0.01,2,False,False,True,False,False,False,False,False,True,False,False,False,False,False,True,False,False,False,False,False,True,False,False,False,False,False,True,False,False,False,2015,594
2015-02-16,3998,9.930177588794397,10.2,26.1,3.9,15.4,0.0,2,True,False,False,False,False,False,True,False,False,False,False,False,True,False,False,False,False,False,True,False,False,False,False,False,True,False,False,False,False,False,2015,595
2015-02-17,4784,10.820833333333333,19.4,28.0,3.9,6.6,0.11,2,False,False,False,False,True,False,False,False,False,False,True,False,False,False,False,False,True,False,False,False,False,False,True,False,False,False,False,False,True,False,2015,596
2015-02-18,9170,10.79954016721192,24.2,30.9,14.0,5.0,0.02,2,False,False,False,False,False,True,False,False,False,False,False,True,False,False,False,False,False,True,False,False,False,False,False,True,False,False,False,False,False,True,2015,597
2015-02-19,7799,9.925582339616188,22.0,30.9,15.1,14.9,0.0,2,False,False,False,True,False,False,False,False,False,True,False,False,False,False,False,True,False,False,False,False,False,True,False,False,False,False,False,True,False,False,2015,598
2015-02-20,6159,10.046747307463336,10.9,27.0,3.0,18.2,0.0,2,False,False,False,False,False,False,False,False,False,False,False,False,False,False,False,False,False,False,False,False,False,False,False,False,False,False,False,False,False,False,2015,599
2015-02-21,3157,9.8488332805406,20.1,28.9,3.0,8.0,0.01,2,False,True,False,False,False,False,False,True,False,False,False,False,False,True,False,False,False,False,False,True,False,False,False,False,False,True,False,False,False,False,2015,600
2015-02-22,4274,11.950760411792231,34.1,42.1,14.0,3.7,0.71,2,False,False,True,False,False,False,False,False,True,False,False,False,False,False,True,False,False,False,False,False,True,False,False,False,False,False,True,False,False,False,2015,601
2015-02-23,7458,10.532466255475107,29.3,42.1,16.0,14.0,0.11,2,True,False,False,False,False,False,True,False,False,False,False,False,True,False,False,False,False,False,True,False,False,False,False,False,True,False,False,False,False,False,2015,602
2015-02-24,7402,10.747858686841395,12.4,37.9,6.1,9.9,0.0,2,False,False,False,False,True,False,False,False,False,False,True,False,False,False,False,False,True,False,False,False,False,False,True,False,False,False,False,False,True,False,2015,603
2015-02-25,10751,10.857537283353484,27.7,37.9,6.1,8.7,0.0,2,False,False,False,False,False,True,False,False,False,False,False,True,False,False,False,False,False,True,False,False,False,False,False,True,False,False,False,False,False,True,2015,604
2015-02-26,9901,11.25846547486786,26.9,37.9,21.0,9.3,0.0,2,False,False,False,True,False,False,False,False,False,True,False,False,False,False,False,True,False,False,False,False,False,True,False,False,False,False,False,True,False,False,2015,605
2015-02-27,9864,10.997024533657749,23.7,32.0,19.0,7.3,0.0,2,False,False,False,False,False,False,False,False,False,False,False,False,False,False,False,False,False,False,False,False,False,False,False,False,False,False,False,False,False,False,2015,606
2015-02-28,6318,10.824021314762057,22.1,30.0,15.1,7.2,0.0,2,False,True,False,False,False,False,False,True,False,False,False,False,False,True,False,False,False,False,False,True,False,False,False,False,False,True,False,False,False,False,2015,607
2015-03-01,2879,12.341061711242329,26.7,30.0,15.1,4.4,0.0,3,False,False,True,False,False,False,False,False,True,False,False,False,False,False,True,False,False,False,False,False,True,False,False,False,False,False,True,False,False,False,2015,608
2015-03-02,7283,11.292155247379744,32.2,37.9,24.1,9.0,0.48,3,True,False,False,False,False,False,True,False,False,False,False,False,True,False,False,False,False,False,True,False,False,False,False,False,True,False,False,False,False,False,2015,609
2015-03-03,6533,12.700640338792798,28.4,37.9,24.1,9.8,0.0,3,False,False,False,False,True,False,False,False,False,False,True,False,False,False,False,False,True,False,False,False,False,False,True,False,False,False,False,False,True,False,2015,610
2015-03-04,7514,11.673711294472538,38.9,46.9,24.1,8.0,0.73,3,False,False,False,False,False,True,False,False,False,False,False,True,False,False,False,False,False,True,False,False,False,False,False,True,False,False,False,False,False,True,2015,611
2015-03-05,1637,15.430910201588269,32.9,44.1,21.2,8.6,0.46,3,False,False,False,True,False,False,False,False,False,True,False,False,False,False,False,True,False,False,False,False,False,True,False,False,False,False,False,True,False,False,2015,612
2015-03-06,5162,12.277776701536872,21.0,41.0,15.1,7.1,0.38,3,False,False,False,False,False,False,False,False,False,False,False,False,False,False,False,False,False,False,False,False,False,False,False,False,False,False,False,False,False,False,2015,613
2015-03-07,5590,14.794570661896245,26.8,37.9,15.1,9.3,0.0,3,False,True,False,False,False,False,False,True,False,False,False,False,False,True,False,False,False,False,False,True,False,False,False,False,False,True,False,False,False,False,2015,614
2015-03-08,7898,13.69237992740778,40.2,48.0,35.1,8.4,0.0,3,False,False,True,False,False,False,False,False,True,False,False,False,False,False,True,False,False,False,False,False,True,False,False,False,False,False,True,False,False,False,2015,615
2015-03-09,14878,12.643708831832235,44.9,54.0,35.1,6.5,0.02,3,True,False,False,False,False,False,True,False,False,False,False,False,True,False,False,False,False,False,True,False,False,False,False,False,True,False,False,False,False,False,2015,616
2015-03-10,11781,12.056681662564008,40.7,54.0,33.1,4.6,0.11,3,False,False,False,False,True,False,False,False,False,False,True,False,False,False,False,False,True,False,False,False,False,False,True,False,False,False,False,False,True,False,2015,617
2015-03-11,19561,13.397417480360582,46.4,60.1,33.1,7.5,0.44,3,False,False,False,False,False,True,False,False,False,False,False,True,False,False,False,False,False,True,False,False,False,False,False,True,False,False,False,False,False,True,2015,618
2015-03-12,17530,12.15231793116562,45.3,60.1,37.0,16.4,0.02,3,False,False,False,True,False,False,False,False,False,True,False,False,False,False,False,True,False,False,False,False,False,True,False,False,False,False,False,True,False,False,2015,619
2015-03-13,16145,12.060395375245175,37.1,46.9,30.9,8.4,0.0,3,False,False,False,False,False,False,False,False,False,False,False,False,False,False,False,False,False,False,False,False,False,False,False,False,False,False,False,False,False,False,2015,620
2015-03-14,3906,12.147486772486769,43.6,51.8,37.4,7.1,0.21,3,False,True,False,False,False,False,False,True,False,False,False,False,False,True,False,False,False,False,False,True,False,False,False,False,False,True,False,False,False,False,2015,621
2015-03-15,8838,12.096647054386365,44.1,51.1,37.0,14.0,0.81,3,False,False,True,False,False,False,False,False,True,False,False,False,False,False,True,False,False,False,False,False,True,False,False,False,False,False,True,False,False,False,2015,622
2015-03-16,16787,11.890594904787433,40.2,51.1,36.0,9.3,0.0,3,True,False,False,False,False,False,True,False,False,False,False,False,True,False,False,False,False,False,True,False,False,False,False,False,True,False,False,False,False,False,2015,623
2015-03-17,14857,11.778551075811633,47.9,54.0,36.0,10.6,0.0,3,False,False,False,False,True,False,False,False,False,False,True,False,False,False,False,False,True,False,False,False,False,False,True,False,False,False,False,False,True,False,2015,624
2015-03-18,13842,11.3333887203198,33.7,37.9,28.9,19.6,0.01,3,False,False,False,False,False,True,False,False,False,False,False,True,False,False,False,False,False,True,False,False,False,False,False,True,False,False,False,False,False,True,2015,625
2015-03-19,15446,12.821573007035264,33.5,42.1,28.0,10.7,0.0,3,False,False,False,True,False,False,False,False,False,True,False,False,False,False,False,True,False,False,False,False,False,True,False,False,False,False,False,True,False,False,2015,626
2015-03-20,8052,11.094823232323227,34.4,42.1,28.9,8.4,0.0,3,False,False,False,False,False,False,False,False,False,False,False,False,False,False,False,False,False,False,False,False,False,False,False,False,False,False,False,False,False,False,2015,627
2015-03-21,9338,13.598843435425144,34.9,46.9,28.9,7.1,0.29,3,False,True,False,False,False,False,False,True,False,False,False,False,False,True,False,False,False,False,False,True,False,False,False,False,False,True,False,False,False,False,2015,628
2015-03-22,9676,12.476186785172937,39.9,48.0,28.9,13.8,0.01,3,False,False,True,False,False,False,False,False,True,False,False,False,False,False,True,False,False,False,False,False,True,False,False,False,False,False,True,False,False,False,2015,629
2015-03-23,13538,10.822777859851287,30.5,44.1,24.1,12.3,0.0,3,True,False,False,False,False,False,True,False,False,False,False,False,True,False,False,False,False,False,True,False,False,False,False,False,True,False,False,False,False,False,2015,630
2015-03-24,16166,11.326275310322076,33.6,44.1,24.1,7.4,0.0,3,False,False,False,False,True,False,False,False,False,False,True,False,False,False,False,False,True,False,False,False,False,False,True,False,False,False,False,False,True,False,2015,631
2015-03-25,14670,11.68099636446262,39.1,48.0,26.1,5.7,0.0,3,False,False,False,False,False,True,False,False,False,False,False,True,False,False,False,False,False,True,False,False,False,False,False,True,False,False,False,False,False,True,2015,632
2015-03-26,14954,11.843317284115733,45.2,57.0,32.0,4.4,0.05,3,False,False,False,True,False,False,False,False,False,True,False,False,False,False,False,True,False,False,False,False,False,True,False,False,False,False,False,True,False,False,2015,633
2015-03-27,14107,11.577435552089982,44.9,57.0,37.9,7.7,0.52,3,False,False,False,False,False,False,False,False,False,False,False,False,False,False,False,False,False,False,False,False,False,False,False,False,False,False,False,False,False,False,2015,634
2015-03-28,1107,12.674495633845224,37.6,46.0,33.1,10.7,0.28,3,False,True,False,False,False,False,False,True,False,False,False,False,False,True,False,False,False,False,False,True,False,False,False,False,False,True,False,False,False,False,2015,635
2015-03-29,9826,14.182955085148247,33.5,46.0,27.0,10.3,0.0,3,False,False,True,False,False,False,False,False,True,False,False,False,False,False,True,False,False,False,False,False,True,False,False,False,False,False,True,False,False,False,2015,636
2015-03-30,18075,12.113396957123095,42.2,55.0,27.0,10.8,0.0,3,True,False,False,False,False,False,True,False,False,False,False,False,True,False,False,False,False,False,True,False,False,False,False,False,True,False,False,False,False,False,2015,637
2015-03-31,14250,12.6946701754386,42.8,55.0,34.0,9.6,0.0,3,False,False,False,False,True,False,False,False,False,False,True,False,False,False,False,False,True,False,False,False,False,False,True,False,False,False,False,False,True,False,2015,638
2015-04-01,20146,13.21556388364936,39.8,51.1,34.0,8.5,0.14,4,False,False,False,False,False,True,False,False,False,False,False,True,False,False,False,False,False,True,False,False,False,False,False,True,False,False,False,False,False,True,2015,639
2015-04-02,24227,20.767175052627238,49.9,63.0,34.0,8.4,0.0,4,False,False,False,True,False,False,False,False,False,True,False,False,False,False,False,True,False,False,False,False,False,True,False,False,False,False,False,True,False,False,2015,640
2015-04-03,14774,13.698973421776998,59.2,63.0,39.0,9.5,0.0,4,False,False,False,False,False,False,False,False,False,False,False,False,False,False,False,False,False,False,False,False,False,False,False,False,False,False,False,False,False,False,2015,641
2015-04-04,14355,15.031241147103218,52.0,63.0,46.9,14.3,0.04,4,False,True,False,False,False,False,False,True,False,False,False,False,False,True,False,False,False,False,False,True,False,False,False,False,False,True,False,False,False,False,2015,642
2015-04-05,13799,18.10637848153248,50.1,62.1,43.0,11.2,0.0,4,False,False,True,False,False,False,False,False,True,False,False,False,False,False,True,False,False,False,False,False,True,False,False,False,False,False,True,False,False,False,2015,643
2015-04-06,23391,15.093338606016555,46.7,62.1,39.0,7.8,0.0,4,True,False,False,False,False,False,True,False,False,False,False,False,True,False,False,False,False,False,True,False,False,False,False,False,True,False,False,False,False,False,2015,644
2015-04-07,16262,11.673802935268316,50.6,60.1,39.0,7.7,0.01,4,False,False,False,False,True,False,False,False,False,False,True,False,False,False,False,False,True,False,False,False,False,False,True,False,False,False,False,False,True,False,2015,645
2015-04-08,17872,13.84869068934646,43.0,57.0,39.9,12.3,0.16,4,False,False,False,False,False,True,False,False,False,False,False,True,False,False,False,False,False,True,False,False,False,False,False,True,False,False,False,False,False,True,2015,646
2015-04-09,16546,11.794970587050248,39.3,46.0,37.0,12.4,0.0,4,False,False,False,True,False,False,False,False,False,True,False,False,False,False,False,True,False,False,False,False,False,True,False,False,False,False,False,True,False,False,2015,647
2015-04-10,16317,12.313068170211029,43.0,57.2,39.2,6.9,0.25,4,False,False,False,False,False,False,False,False,False,False,False,False,False,False,False,False,False,False,False,False,False,False,False,False,False,False,False,False,False,False,2015,648
2015-04-11,18643,16.437951688748235,55.3,57.2,51.1,14.7,0.24,4,False,True,False,False,False,False,False,True,False,False,False,False,False,True,False,False,False,False,False,True,False,False,False,False,False,True,False,False,False,False,2015,649
2015-04-12,19954,19.10076843406502,51.3,64.9,44.1,7.6,0.0,4,False,False,True,False,False,False,False,False,True,False,False,False,False,False,True,False,False,False,False,False,True,False,False,False,False,False,True,False,False,False,2015,650
2015-04-13,24925,15.158399197592782,55.6,64.9,44.1,8.0,0.0,4,True,False,False,False,False,False,True,False,False,False,False,False,True,False,False,False,False,False,True,False,False,False,False,False,True,False,False,False,False,False,2015,651
2015-04-14,22703,12.626147792509068,59.3,64.9,46.9,7.0,0.0,4,False,False,False,False,True,False,False,False,False,False,True,False,False,False,False,False,True,False,False,False,False,False,True,False,False,False,False,False,True,False,2015,652
2015-04-15,27594,16.236471696745664,59.1,70.0,51.1,7.4,0.0,4,False,False,False,False,False,True,False,False,False,False,False,True,False,False,False,False,False,True,False,False,False,False,False,True,False,False,False,False,False,True,2015,653
2015-04-16,27180,13.467742825607068,56.5,70.0,46.9,7.4,0.0,4,False,False,False,True,False,False,False,False,False,True,False,False,False,False,False,True,False,False,False,False,False,True,False,False,False,False,False,True,False,False,2015,654
2015-04-17,24175,15.08712788693554,59.7,71.1,46.9,9.0,0.08,4,False,False,False,False,False,False,False,False,False,False,False,False,False,False,False,False,False,False,False,False,False,False,False,False,False,False,False,False,False,False,2015,655
2015-04-18,28174,22.166673173848228,66.0,79.0,54.0,5.7,0.0,4,False,True,False,False,False,False,False,True,False,False,False,False,False,True,False,False,False,False,False,True,False,False,False,False,False,True,False,False,False,False,2015,656
2015-04-19,21475,18.12943344974777,57.6,79.0,50.0,8.8,0.0,4,False,False,True,False,False,False,False,False,True,False,False,False,False,False,True,False,False,False,False,False,True,False,False,False,False,False,True,False,False,False,2015,657
2015-04-20,11202,11.984380765339523,50.6,61.0,45.0,13.2,0.0,4,True,False,False,False,False,False,True,False,False,False,False,False,True,False,False,False,False,False,True,False,False,False,False,False,True,False,False,False,False,False,2015,658
2015-04-21,24868,16.304881105570747,57.4,66.9,45.0,9.0,0.95,4,False,False,False,False,True,False,False,False,False,False,True,False,False,False,False,False,True,False,False,False,False,False,True,False,False,False,False,False,True,False,2015,659
2015-04-22,21997,12.904648361140154,58.8,66.9,50.0,8.9,0.07,4,False,False,False,False,False,True,False,False,False,False,False,True,False,False,False,False,False,True,False,False,False,False,False,True,False,False,False,False,False,True,2015,660
2015-04-23,22074,14.395430521578936,47.4,66.9,42.1,13.5,0.1,4,False,False,False,True,False,False,False,False,False,True,False,False,False,False,False,True,False,False,False,False,False,True,False,False,False,False,False,True,False,False,2015,661
2015-04-24,20981,14.680193985034077,43.4,50.0,39.0,16.1,0.0,4,False,False,False,False,False,False,False,False,False,False,False,False,False,False,False,False,False,False,False,False,False,False,False,False,False,False,False,False,False,False,2015,662
2015-04-25,21082,18.383447965088703,46.1,60.1,39.0,11.8,0.0,4,False,True,False,False,False,False,False,True,False,False,False,False,False,True,False,False,False,False,False,True,False,False,False,False,False,True,False,False,False,False,2015,663
2015-04-26,21594,18.999813219721524,52.0,61.0,39.0,5.2,0.0,4,False,False,True,False,False,False,False,False,True,False,False,False,False,False,True,False,False,False,False,False,True,False,False,False,False,False,True,False,False,False,2015,664
2015-04-27,25501,13.120946237402457,53.8,61.0,45.0,9.9,0.0,4,True,False,False,False,False,False,True,False,False,False,False,False,True,False,False,False,False,False,True,False,False,False,False,False,True,False,False,False,False,False,2015,665
2015-04-28,29795,14.786426134138836,57.2,72.0,48.9,11.5,0.0,4,False,False,False,False,True,False,False,False,False,False,True,False,False,False,False,False,True,False,False,False,False,False,True,False,False,False,False,False,True,False,2015,666
2015-04-29,31532,14.74454945240814,64.2,75.9,51.1,8.8,0.0,4,False,False,False,False,False,True,False,False,False,False,False,True,False,False,False,False,False,True,False,False,False,False,False,True,False,False,False,False,False,True,2015,667
2015-04-30,29252,15.552346278317149,52.4,75.9,46.9,13.1,0.0,4,False,False,False,True,False,False,False,False,False,True,False,False,False,False,False,True,False,False,False,False,False,True,False,False,False,False,False,True,False,False,2015,668
2015-05-01,27924,14.358900348565156,52.6,64.0,46.9,7.6,0.0,5,False,False,False,False,False,False,False,False,False,False,False,False,False,False,False,False,False,False,False,False,False,False,False,False,False,False,False,False,False,False,2015,669
2015-05-02,25743,19.347873855675974,53.9,69.1,48.0,4.7,0.0,5,False,True,False,False,False,False,False,True,False,False,False,False,False,True,False,False,False,False,False,True,False,False,False,False,False,True,False,False,False,False,2015,670
2015-05-03,27694,20.460286223249323,59.5,75.9,48.0,6.4,0.0,5,False,False,True,False,False,False,False,False,True,False,False,False,False,False,True,False,False,False,False,False,True,False,False,False,False,False,True,False,False,False,2015,671
2015-05-04,32066,16.651919998336766,66.5,82.0,51.1,7.1,0.0,5,True,False,False,False,False,False,True,False,False,False,False,False,True,False,False,False,False,False,True,False,False,False,False,False,True,False,False,False,False,False,2015,672
2015-05-05,33012,16.94732824427481,72.7,82.0,54.0,7.5,0.0,5,False,False,False,False,True,False,False,False,False,False,True,False,False,False,False,False,True,False,False,False,False,False,True,False,False,False,False,False,True,False,2015,673
2015-05-06,30313,14.547862853121329,65.3,81.0,59.0,6.4,0.0,5,False,False,False,False,False,True,False,False,False,False,False,True,False,False,False,False,False,True,False,False,False,False,False,True,False,False,False,False,False,True,2015,674
2015-05-07,34871,15.368028352116848,64.6,75.9,52.0,5.2,0.0,5,False,False,False,True,False,False,False,False,False,True,False,False,False,False,False,True,False,False,False,False,False,True,False,False,False,False,False,True,False,False,2015,675
2015-05-08,34304,16.277496793376866,64.2,79.0,52.0,6.3,0.0,5,False,False,False,False,False,False,False,False,False,False,False,False,False,False,False,False,False,False,False,False,False,False,False,False,False,False,False,False,False,False,2015,676
2015-05-09,24329,19.6351898283256,58.0,79.0,53.1,8.4,0.0,5,False,True,False,False,False,False,False,True,False,False,False,False,False,True,False,False,False,False,False,True,False,False,False,False,False,True,False,False,False,False,2015,677
2015-05-10,26573,20.346503970195315,66.3,82.0,53.1,6.0,0.01,5,False,False,True,False,False,False,False,False,True,False,False,False,False,False,True,False,False,False,False,False,True,False,False,False,False,False,True,False,False,False,2015,678
2015-05-11,32382,16.478707306528317,74.4,82.9,57.0,9.4,0.0,5,True,False,False,False,False,False,True,False,False,False,False,False,True,False,False,False,False,False,True,False,False,False,False,False,True,False,False,False,False,False,2015,679
2015-05-12,35225,15.161436006624085,74.9,87.1,64.0,9.1,0.0,5,False,False,False,False,True,False,False,False,False,False,True,False,False,False,False,False,True,False,False,False,False,False,True,False,False,False,False,False,True,False,2015,680
2015-05-13,33402,15.454865477117137,65.1,87.1,57.9,15.3,0.0,5,False,False,False,False,False,True,False,False,False,False,False,True,False,False,False,False,False,True,False,False,False,False,False,True,False,False,False,False,False,True,2015,681
2015-05-14,40826,16.911596776563957,59.7,72.0,52.0,8.5,0.0,5,False,False,False,True,False,False,False,False,False,True,False,False,False,False,False,True,False,False,False,False,False,True,False,False,False,False,False,True,False,False,2015,682
2015-05-15,34945,15.999832117136457,63.2,73.9,52.0,7.6,0.0,5,False,False,False,False,False,False,False,False,False,False,False,False,False,False,False,False,False,False,False,False,False,False,False,False,False,False,False,False,False,False,2015,683
2015-05-16,23882,18.76949376099155,65.2,75.0,55.9,6.5,0.01,5,False,True,False,False,False,False,False,True,False,False,False,False,False,True,False,False,False,False,False,True,False,False,False,False,False,True,False,False,False,False,2015,684
2015-05-17,30969,19.890082555673956,70.4,82.9,57.0,3.2,0.28,5,False,False,True,False,False,False,False,False,True,False,False,False,False,False,True,False,False,False,False,False,True,False,False,False,False,False,True,False,False,False,2015,685
2015-05-18,31559,16.207773271227435,63.6,75.9,55.4,7.5,0.02,5,True,False,False,False,False,False,True,False,False,False,False,False,True,False,False,False,False,False,True,False,False,False,False,False,True,False,False,False,False,False,2015,686
2015-05-19,33895,14.039197030043765,61.6,82.0,55.0,6.2,0.01,5,False,False,False,False,True,False,False,False,False,False,True,False,False,False,False,False,True,False,False,False,False,False,True,False,False,False,False,False,True,False,2015,687
2015-05-20,33823,13.874159102780158,62.0,82.0,55.0,13.2,0.0,5,False,False,False,False,False,True,False,False,False,False,False,True,False,False,False,False,False,True,False,False,False,False,False,True,False,False,False,False,False,True,2015,688
2015-05-21,31214,13.769075308088253,57.1,66.0,53.1,7.0,0.0,5,False,False,False,True,False,False,False,False,False,True,False,False,False,False,False,True,False,False,False,False,False,True,False,False,False,False,False,True,False,False,2015,689
2015-05-22,31891,15.433476529428363,61.8,75.0,53.1,9.9,0.0,5,False,False,False,False,False,False,False,False,False,False,False,False,False,False,False,False,False,False,False,False,False,False,False,False,False,False,False,False,False,False,2015,690
2015-05-23,23910,20.41252892792416,59.3,75.0,50.0,11.5,0.0,5,False,True,False,False,False,False,False,True,False,False,False,False,False,True,False,False,False,False,False,True,False,False,False,False,False,True,False,False,False,False,2015,691
2015-05-24,25151,21.735675188527942,65.7,81.0,50.0,8.7,0.0,5,False,False,True,False,False,False,False,False,True,False,False,False,False,False,True,False,False,False,False,False,True,False,False,False,False,False,True,False,False,False,2015,692
2015-05-25,28164,20.071817450172787,72.5,82.9,55.9,8.8,0.0,5,True,False,False,False,False,False,True,False,False,False,False,False,True,False,False,False,False,False,True,False,False,False,False,False,True,False,False,False,False,False,2015,693
2015-05-26,35786,15.203880008942042,75.2,86.0,64.9,10.3,0.0,5,False,False,False,False,True,False,False,False,False,False,True,False,False,False,False,False,True,False,False,False,False,False,True,False,False,False,False,False,True,False,2015,694
2015-05-27,33710,13.713029763670525,73.5,86.0,66.9,9.9,0.0,5,False,False,False,False,False,True,False,False,False,False,False,True,False,False,False,False,False,True,False,False,False,False,False,True,False,False,False,False,False,True,2015,695
2015-05-28,35934,13.98167983896403,73.4,84.0,66.9,7.0,0.02,5,False,False,False,True,False,False,False,False,False,True,False,False,False,False,False,True,False,False,False,False,False,True,False,False,False,False,False,True,False,False,2015,696
2015-05-29,37756,15.598865081046718,73.0,84.0,64.0,7.2,0.0,5,False,False,False,False,False,False,False,False,False,False,False,False,False,False,False,False,False,False,False,False,False,False,False,False,False,False,False,False,False,False,2015,697
2015-05-30,31147,18.94209554692265,73.1,82.9,64.0,9.8,0.0,5,False,True,False,False,False,False,False,True,False,False,False,False,False,True,False,False,False,False,False,True,False,False,False,False,False,True,False,False,False,False,2015,698
2015-05-31,19586,18.38529817216379,74.6,86.0,66.0,9.6,0.0,5,False,False,True,False,False,False,False,False,True,False,False,False,False,False,True,False,False,False,False,False,True,False,False,False,False,False,True,False,False,False,2015,699
2015-06-01,15283,10.937380313638249,57.4,86.0,54.0,13.8,1.69,6,True,False,False,False,False,False,True,False,False,False,False,False,True,False,False,False,False,False,True,False,False,False,False,False,True,False,False,False,False,False,2015,700
2015-06-02,11984,11.233344459279037,52.0,57.9,50.0,10.2,0.47,6,False,False,False,False,True,False,False,False,False,False,True,False,False,False,False,False,True,False,False,False,False,False,True,False,False,False,False,False,True,False,2015,701
2015-06-03,34590,13.803870097330634,58.2,69.1,50.0,7.3,0.24,6,False,False,False,False,False,True,False,False,False,False,False,True,False,False,False,False,False,True,False,False,False,False,False,True,False,False,False,False,False,True,2015,702
2015-06-04,32772,13.391322368688718,58.1,69.1,53.1,9.4,0.0,6,False,False,False,True,False,False,False,False,False,True,False,False,False,False,False,True,False,False,False,False,False,True,False,False,False,False,False,True,False,False,2015,703
2015-06-05,31294,13.49424170767559,59.5,68.0,54.0,6.5,0.0,6,False,False,False,False,False,False,False,False,False,False,False,False,False,False,False,False,False,False,False,False,False,False,False,False,False,False,False,False,False,False,2015,704
2015-06-06,26334,18.094258373205744,65.7,73.9,55.9,7.3,0.55,6,False,True,False,False,False,False,False,True,False,False,False,False,False,True,False,False,False,False,False,True,False,False,False,False,False,True,False,False,False,False,2015,705
2015-06-07,30773,19.354561899500645,65.3,73.9,57.0,7.6,0.0,6,False,False,True,False,False,False,False,False,True,False,False,False,False,False,True,False,False,False,False,False,True,False,False,False,False,False,True,False,False,False,2015,706
2015-06-08,33585,14.490926008634808,67.5,77.0,57.0,11.6,0.0,6,True,False,False,False,False,False,True,False,False,False,False,False,True,False,False,False,False,False,True,False,False,False,False,False,True,False,False,False,False,False,2015,707
2015-06-09,35412,13.748893501261342,73.3,84.9,62.1,10.1,0.05,6,False,False,False,False,True,False,False,False,False,False,True,False,False,False,False,False,True,False,False,False,False,False,True,False,False,False,False,False,True,False,2015,708
2015-06-10,39350,15.831412960609914,74.2,84.9,66.0,8.2,0.01,6,False,False,False,False,False,True,False,False,False,False,False,True,False,False,False,False,False,True,False,False,False,False,False,True,False,False,False,False,False,True,2015,709
2015-06-11,37400,14.35285383244207,80.2,91.9,66.0,8.8,0.0,6,False,False,False,True,False,False,False,False,False,True,False,False,False,False,False,True,False,False,False,False,False,True,False,False,False,False,False,True,False,False,2015,710
2015-06-12,35136,14.597696569520345,80.7,91.9,71.1,7.7,0.0,6,False,False,False,False,False,False,False,False,False,False,False,False,False,False,False,False,False,False,False,False,False,False,False,False,False,False,False,False,False,False,2015,711
2015-06-13,29980,19.425647098065376,80.5,88.0,71.1,10.1,0.0,6,False,True,False,False,False,False,False,True,False,False,False,False,False,True,False,False,False,False,False,True,False,False,False,False,False,True,False,False,False,False,2015,712
2015-06-14,28184,18.834916974169747,77.0,87.1,68.0,6.3,0.0,6,False,False,True,False,False,False,False,False,True,False,False,False,False,False,True,False,False,False,False,False,True,False,False,False,False,False,True,False,False,False,2015,713
2015-06-15,25087,13.001108808014774,70.3,79.0,62.6,9.0,0.79,6,True,False,False,False,False,False,True,False,False,False,False,False,True,False,False,False,False,False,True,False,False,False,False,False,True,False,False,False,False,False,2015,714
2015-06-16,32147,13.381549859499588,68.1,79.0,62.6,7.1,0.02,6,False,False,False,False,True,False,False,False,False,False,True,False,False,False,False,False,True,False,False,False,False,False,True,False,False,False,False,False,True,False,2015,715
2015-06-17,38030,14.446373038829,73.9,79.0,64.0,8.3,0.34,6,False,False,False,False,False,True,False,False,False,False,False,True,False,False,False,False,False,True,False,False,False,False,False,True,False,False,False,False,False,True,2015,716
2015-06-18,35464,13.128899729302956,66.8,69.8,64.4,7.5,0.0,6,False,False,False,True,False,False,False,False,False,True,False,False,False,False,False,True,False,False,False,False,False,True,False,False,False,False,False,True,False,False,2015,717
2015-06-19,37380,14.673340913144282,73.2,84.9,64.9,6.0,0.0,6,False,False,False,False,False,False,False,False,False,False,False,False,False,False,False,False,False,False,False,False,False,False,False,False,False,False,False,False,False,False,2015,718
2015-06-20,23580,16.7280491942324,69.5,84.9,64.0,8.3,0.0,6,False,True,False,False,False,False,False,True,False,False,False,False,False,True,False,False,False,False,False,True,False,False,False,False,False,True,False,False,False,False,2015,719
2015-06-21,25926,18.05954190130885,75.0,90.0,64.0,9.4,0.25,6,False,False,True,False,False,False,False,False,True,False,False,False,False,False,True,False,False,False,False,False,True,False,False,False,False,False,True,False,False,False,2015,720
2015-06-22,37677,15.11628800948412,79.6,90.0,69.1,10.1,0.29,6,True,False,False,False,False,False,True,False,False,False,False,False,True,False,False,False,False,False,True,False,False,False,False,False,True,False,False,False,False,False,2015,721
2015-06-23,32294,13.68925342168824,84.4,91.9,72.0,10.3,0.0,6,False,False,False,False,True,False,False,False,False,False,True,False,False,False,False,False,True,False,False,False,False,False,True,False,False,False,False,False,True,False,2015,722
2015-06-24,41070,15.155445580715854,77.1,91.9,69.1,10.1,0.07,6,False,False,False,False,False,True,False,False,False,False,False,True,False,False,False,False,False,True,False,False,False,False,False,True,False,False,False,False,False,True,2015,723
2015-06-25,39673,14.255832262075806,76.8,84.9,69.1,6.0,0.0,6,False,False,False,True,False,False,False,False,False,True,False,False,False,False,False,True,False,False,False,False,False,True,False,False,False,False,False,True,False,False,2015,724
2015-06-26,38614,15.524874397886771,74.8,84.9,69.1,7.7,0.0,6,False,False,False,False,False,False,False,False,False,False,False,False,False,False,False,False,False,False,False,False,False,False,False,False,False,False,False,False,False,False,2015,725
2015-06-27,15485,15.897769884834789,69.0,80.1,62.1,8.5,0.0,6,False,True,False,False,False,False,False,True,False,False,False,False,False,True,False,False,False,False,False,True,False,False,False,False,False,True,False,False,False,False,2015,726
2015-06-28,20591,17.467263205607626,64.2,73.9,60.1,12.4,1.32,6,False,False,True,False,False,False,False,False,True,False,False,False,False,False,True,False,False,False,False,False,True,False,False,False,False,False,True,False,False,False,2015,727
2015-06-29,38037,15.260375862099188,71.3,78.1,62.1,10.1,0.26,6,True,False,False,False,False,False,True,False,False,False,False,False,True,False,False,False,False,False,True,False,False,False,False,False,True,False,False,False,False,False,2015,728
2015-06-30,38087,14.458011044888458,75.3,82.0,64.0,9.5,0.0,6,False,False,False,False,True,False,False,False,False,False,True,False,False,False,False,False,True,False,False,False,False,False,True,False,False,False,False,False,True,False,2015,729
2015-07-01,37539,14.627503396467676,76.4,84.9,70.0,9.7,0.35,7,False,False,False,False,False,True,False,False,False,False,False,True,False,False,False,False,False,True,False,False,False,False,False,True,False,False,False,False,False,True,2015,730
2015-07-02,35559,17.682446544241024,75.7,84.9,70.0,6.4,0.0,7,False,False,False,True,False,False,False,False,False,True,False,False,False,False,False,True,False,False,False,False,False,True,False,False,False,False,False,True,False,False,2015,731
2015-07-03,26928,18.4512651020004,73.5,81.0,66.9,4.8,0.0,7,False,False,False,False,False,False,False,False,False,False,False,False,False,False,False,False,False,False,False,False,False,False,False,False,False,False,False,False,False,False,2015,732
2015-07-04,21706,22.563756565005065,71.8,81.0,66.9,6.9,0.0,7,False,True,False,False,False,False,False,True,False,False,False,False,False,True,False,False,False,False,False,True,False,False,False,False,False,True,False,False,False,False,2015,733
2015-07-05,25920,19.96626157407407,75.1,84.9,69.1,4.6,0.0,7,False,False,True,False,False,False,False,False,True,False,False,False,False,False,True,False,False,False,False,False,True,False,False,False,False,False,True,False,False,False,2015,734
2015-07-06,35251,15.052033039251844,77.1,84.9,70.0,6.2,0.0,7,True,False,False,False,False,False,True,False,False,False,False,False,True,False,False,False,False,False,True,False,False,False,False,False,True,False,False,False,False,False,2015,735
2015-07-07,36837,14.43857127344789,79.5,88.0,71.1,9.2,0.0,7,False,False,False,False,True,False,False,False,False,False,True,False,False,False,False,False,True,False,False,False,False,False,True,False,False,False,False,False,True,False,2015,736
2015-07-08,35047,14.531237576207191,82.0,89.1,75.0,7.7,0.0,7,False,False,False,False,False,True,False,False,False,False,False,True,False,False,False,False,False,True,False,False,False,False,False,True,False,False,False,False,False,True,2015,737
2015-07-09,31978,15.268790522650988,73.8,89.1,68.0,6.4,0.09,7,False,False,False,True,False,False,False,False,False,True,False,False,False,False,False,True,False,False,False,False,False,True,False,False,False,False,False,True,False,False,2015,738
2015-07-10,38559,15.94727473914434,75.8,84.0,68.0,9.4,0.29,7,False,False,False,False,False,False,False,False,False,False,False,False,False,False,False,False,False,False,False,False,False,False,False,False,False,False,False,False,False,False,2015,739
2015-07-11,31719,18.817512637010413,78.6,86.0,72.0,3.8,0.0,7,False,True,False,False,False,False,False,True,False,False,False,False,False,True,False,False,False,False,False,True,False,False,False,False,False,True,False,False,False,False,2015,740
2015-07-12,31037,20.149660620120056,81.1,89.1,72.0,4.9,0.0,7,False,False,True,False,False,False,False,False,True,False,False,False,False,False,True,False,False,False,False,False,True,False,False,False,False,False,True,False,False,False,2015,741
2015-07-13,38485,15.629013035381751,80.4,89.1,73.0,6.9,0.0,7,True,False,False,False,False,False,True,False,False,False,False,False,True,False,False,False,False,False,True,False,False,False,False,False,True,False,False,False,False,False,2015,742
2015-07-14,35802,14.039480103532393,76.1,84.9,71.1,6.8,0.0,7,False,False,False,False,True,False,False,False,False,False,True,False,False,False,False,False,True,False,False,False,False,False,True,False,False,False,False,False,True,False,2015,743
2015-07-15,34979,14.368374834424465,75.9,81.0,71.1,6.5,0.95,7,False,False,False,False,False,True,False,False,False,False,False,True,False,False,False,False,False,True,False,False,False,False,False,True,False,False,False,False,False,True,2015,744
2015-07-16,42356,16.96934161236504,72.1,81.0,64.0,8.7,0.01,7,False,False,False,True,False,False,False,False,False,True,False,False,False,False,False,True,False,False,False,False,False,True,False,False,False,False,False,True,False,False,2015,745
2015-07-17,39595,16.055936776529027,73.5,80.1,64.0,9.0,0.0,7,False,False,False,False,False,False,False,False,False,False,False,False,False,False,False,False,False,False,False,False,False,False,False,False,False,False,False,False,False,False,2015,746
2015-07-18,28870,18.415917907862838,76.3,86.0,68.0,9.5,0.0,7,False,True,False,False,False,False,False,True,False,False,False,False,False,True,False,False,False,False,False,True,False,False,False,False,False,True,False,False,False,False,2015,747
2015-07-19,28531,19.219338614139005,84.3,93.9,72.0,5.9,0.18,7,False,False,True,False,False,False,False,False,True,False,False,False,False,False,True,False,False,False,False,False,True,False,False,False,False,False,True,False,False,False,2015,748
2015-07-20,34889,15.00168247871822,89.1,95.0,78.1,7.1,0.0,7,True,False,False,False,False,False,True,False,False,False,False,False,True,False,False,False,False,False,True,False,False,False,False,False,True,False,False,False,False,False,2015,749
2015-07-21,38499,14.462454436045956,86.0,95.0,80.1,6.3,0.0,7,False,False,False,False,True,False,False,False,False,False,True,False,False,False,False,False,True,False,False,False,False,False,True,False,False,False,False,False,True,False,2015,750
2015-07-22,42557,15.674898763227354,77.1,91.9,71.1,11.8,0.0,7,False,False,False,False,False,True,False,False,False,False,False,True,False,False,False,False,False,True,False,False,False,False,False,True,False,False,False,False,False,True,2015,751
2015-07-23,42175,14.83088559573207,77.1,86.0,71.1,9.2,0.0,7,False,False,False,True,False,False,False,False,False,True,False,False,False,False,False,True,False,False,False,False,False,True,False,False,False,False,False,True,False,False,2015,752
2015-07-24,40330,15.098046532771304,78.2,84.9,71.1,5.4,0.0,7,False,False,False,False,False,False,False,False,False,False,False,False,False,False,False,False,False,False,False,False,False,False,False,False,False,False,False,False,False,False,2015,753
2015-07-25,31639,20.197454091469396,78.1,84.9,71.1,6.3,0.0,7,False,True,False,False,False,False,False,True,False,False,False,False,False,True,False,False,False,False,False,True,False,False,False,False,False,True,False,False,False,False,2015,754
2015-07-26,30543,18.382597212672845,79.8,89.1,71.1,9.6,0.0,7,False,False,True,False,False,False,False,False,True,False,False,False,False,False,True,False,False,False,False,False,True,False,False,False,False,False,True,False,False,False,2015,755
2015-07-27,38747,15.524270696225942,79.9,89.1,75.0,8.6,0.05,7,True,False,False,False,False,False,True,False,False,False,False,False,True,False,False,False,False,False,True,False,False,False,False,False,True,False,False,False,False,False,2015,756
2015-07-28,40434,14.02360884404214,82.8,93.9,75.9,5.0,0.0,7,False,False,False,False,True,False,False,False,False,False,True,False,False,False,False,False,True,False,False,False,False,False,True,False,False,False,False,False,True,False,2015,757
2015-07-29,39428,13.73574067498563,86.3,95.0,75.9,5.8,0.0,7,False,False,False,False,False,True,False,False,False,False,False,True,False,False,False,False,False,True,False,False,False,False,False,True,False,False,False,False,False,True,2015,758
2015-07-30,31166,13.443922864660207,82.1,95.0,75.0,8.8,0.0,7,False,False,False,True,False,False,False,False,False,True,False,False,False,False,False,True,False,False,False,False,False,True,False,False,False,False,False,True,False,False,2015,759
2015-07-31,38571,14.983280616698211,81.1,91.0,73.9,6.8,1.62,7,False,False,False,False,False,False,False,False,False,False,False,False,False,False,False,False,False,False,False,False,False,False,False,False,False,False,False,False,False,False,2015,760
2015-08-01,35179,19.9665553313056,83.7,91.0,73.9,7.8,0.0,8,False,True,False,False,False,False,False,True,False,False,False,False,False,True,False,False,False,False,False,True,False,False,False,False,False,True,False,False,False,False,2015,761
2015-08-02,31622,19.153534986191048,81.0,90.0,73.0,6.5,0.0,8,False,False,True,False,False,False,False,False,True,False,False,False,False,False,True,False,False,False,False,False,True,False,False,False,False,False,True,False,False,False,2015,762
2015-08-03,38888,14.86780069258726,82.5,91.9,73.0,9.1,0.0,8,True,False,False,False,False,False,True,False,False,False,False,False,True,False,False,False,False,False,True,False,False,False,False,False,True,False,False,False,False,False,2015,763
2015-08-04,40783,14.245816884486183,83.1,91.0,69.8,9.7,0.3,8,False,False,False,False,True,False,False,False,False,False,True,False,False,False,False,False,True,False,False,False,False,False,True,False,False,False,False,False,True,False,2015,764
2015-08-05,41075,14.34963643741124,80.5,91.0,70.0,6.3,0.0,8,False,False,False,False,False,True,False,False,False,False,False,True,False,False,False,False,False,True,False,False,False,False,False,True,False,False,False,False,False,True,2015,765
2015-08-06,42283,14.349701219560266,76.3,88.0,64.9,6.7,0.0,8,False,False,False,True,False,False,False,False,False,True,False,False,False,False,False,True,False,False,False,False,False,True,False,False,False,False,False,True,False,False,2015,766
2015-08-07,40999,15.606476580729614,75.8,82.0,69.1,8.3,0.0,8,False,False,False,False,False,False,False,False,False,False,False,False,False,False,False,False,False,False,False,False,False,False,False,False,False,False,False,False,False,False,2015,767
2015-08-08,38723,21.16163692551369,74.7,82.0,69.1,6.0,0.0,8,False,True,False,False,False,False,False,True,False,False,False,False,False,True,False,False,False,False,False,True,False,False,False,False,False,True,False,False,False,False,2015,768
2015-08-09,32716,24.251738700737665,75.7,87.1,69.1,6.8,0.0,8,False,False,True,False,False,False,False,False,True,False,False,False,False,False,True,False,False,False,False,False,True,False,False,False,False,False,True,False,False,False,2015,769
2015-08-10,39870,20.883078755956863,74.5,84.0,70.0,8.5,0.0,8,True,False,False,False,False,False,True,False,False,False,False,False,True,False,False,False,False,False,True,False,False,False,False,False,True,False,False,False,False,False,2015,770
2015-08-11,25066,21.170636852043927,75.1,82.4,71.1,10.9,0.67,8,False,False,False,False,True,False,False,False,False,False,True,False,False,False,False,False,True,False,False,False,False,False,True,False,False,False,False,False,True,False,2015,771
2015-08-12,42994,18.27514149261136,77.3,84.9,71.1,9.4,0.51,8,False,False,False,False,False,True,False,False,False,False,False,True,False,False,False,False,False,True,False,False,False,False,False,True,False,False,False,False,False,True,2015,772
2015-08-13,42170,17.915154928464155,75.7,84.9,69.1,7.6,0.0,8,False,False,False,True,False,False,False,False,False,True,False,False,False,False,False,True,False,False,False,False,False,True,False,False,False,False,False,True,False,False,2015,773
2015-08-14,39983,16.06932362920908,78.9,88.0,69.1,5.2,0.0,8,False,False,False,False,False,False,False,False,False,False,False,False,False,False,False,False,False,False,False,False,False,False,False,False,False,False,False,False,False,False,2015,774
2015-08-15,37821,21.43039625252286,81.4,91.9,71.1,6.5,0.0,8,False,True,False,False,False,False,False,True,False,False,False,False,False,True,False,False,False,False,False,True,False,False,False,False,False,True,False,False,False,False,2015,775
2015-08-16,30344,19.528532274365062,82.8,91.9,73.9,4.9,0.0,8,False,False,True,False,False,False,False,False,True,False,False,False,False,False,True,False,False,False,False,False,True,False,False,False,False,False,True,False,False,False,2015,776
2015-08-17,37449,14.14231310137342,84.7,93.0,77.0,4.8,0.0,8,True,False,False,False,False,False,True,False,False,False,False,False,True,False,False,False,False,False,True,False,False,False,False,False,True,False,False,False,False,False,2015,777
2015-08-18,39916,14.111271169455858,83.4,93.0,77.0,8.5,0.0,8,False,False,False,False,True,False,False,False,False,False,True,False,False,False,False,False,True,False,False,False,False,False,True,False,False,False,False,False,True,False,2015,778
2015-08-19,40726,15.054147637054134,80.2,89.1,75.9,9.6,0.0,8,False,False,False,False,False,True,False,False,False,False,False,True,False,False,False,False,False,True,False,False,False,False,False,True,False,False,False,False,False,True,2015,779
2015-08-20,39280,14.207862780040733,81.0,87.1,75.9,11.0,0.0,8,False,False,False,True,False,False,False,False,False,True,False,False,False,False,False,True,False,False,False,False,False,True,False,False,False,False,False,True,False,False,2015,780
2015-08-21,38038,14.394969504180034,78.7,87.1,71.1,9.1,0.32,8,False,False,False,False,False,False,False,False,False,False,False,False,False,False,False,False,False,False,False,False,False,False,False,False,False,False,False,False,False,False,2015,781
2015-08-22,34277,19.970484095263103,76.6,86.0,70.0,6.8,0.0,8,False,True,False,False,False,False,False,True,False,False,False,False,False,True,False,False,False,False,False,True,False,False,False,False,False,True,False,False,False,False,2015,782
2015-08-23,33071,18.218143287673996,75.8,84.0,70.0,5.9,0.0,8,False,False,True,False,False,False,False,False,True,False,False,False,False,False,True,False,False,False,False,False,True,False,False,False,False,False,True,False,False,False,2015,783
2015-08-24,38943,14.512043670663966,78.5,86.0,71.1,5.5,0.0,8,True,False,False,False,False,False,True,False,False,False,False,False,True,False,False,False,False,False,True,False,False,False,False,False,True,False,False,False,False,False,2015,784
2015-08-25,41655,16.29378866082503,80.6,88.0,73.0,8.3,0.0,8,False,False,False,False,True,False,False,False,False,False,True,False,False,False,False,False,True,False,False,False,False,False,True,False,False,False,False,False,True,False,2015,785
2015-08-26,42832,14.303074803884948,76.9,88.0,69.1,9.3,0.0,8,False,False,False,False,False,True,False,False,False,False,False,True,False,False,False,False,False,True,False,False,False,False,False,True,False,False,False,False,False,True,2015,786
2015-08-27,43173,14.394793427991264,74.2,82.9,68.0,9.0,0.0,8,False,False,False,True,False,False,False,False,False,True,False,False,False,False,False,True,False,False,False,False,False,True,False,False,False,False,False,True,False,False,2015,787
2015-08-28,41755,15.329681076118629,73.1,82.9,66.0,5.3,0.0,8,False,False,False,False,False,False,False,False,False,False,False,False,False,False,False,False,False,False,False,False,False,False,False,False,False,False,False,False,False,False,2015,788
2015-08-29,34381,21.110881979387838,76.8,84.9,66.0,5.3,0.0,8,False,True,False,False,False,False,False,True,False,False,False,False,False,True,False,False,False,False,False,True,False,False,False,False,False,True,False,False,False,False,2015,789
2015-08-30,32913,18.776983765280185,79.1,90.0,70.0,7.4,0.0,8,False,False,True,False,False,False,False,False,True,False,False,False,False,False,True,False,False,False,False,False,True,False,False,False,False,False,True,False,False,False,2015,790
2015-08-31,40119,14.145808303630035,82.7,91.9,72.0,7.5,0.08,8,True,False,False,False,False,False,True,False,False,False,False,False,True,False,False,False,False,False,True,False,False,False,False,False,True,False,False,False,False,False,2015,791
2015-09-01,43291,14.215529401800222,82.6,91.9,75.9,6.3,0.0,9,False,False,False,False,True,False,False,False,False,False,True,False,False,False,False,False,True,False,False,False,False,False,True,False,False,False,False,False,True,False,2015,792
2015-09-02,43225,15.431706188548295,80.2,88.0,75.0,5.6,0.0,9,False,False,False,False,False,True,False,False,False,False,False,True,False,False,False,False,False,True,False,False,False,False,False,True,False,False,False,False,False,True,2015,793
2015-09-03,42879,13.919988417018434,82.6,93.0,75.0,4.9,0.0,9,False,False,False,True,False,False,False,False,False,True,False,False,False,False,False,True,False,False,False,False,False,True,False,False,False,False,False,True,False,False,2015,794
2015-09-04,39956,15.866640804885373,80.3,93.0,75.0,8.6,0.0,9,False,False,False,False,False,False,False,False,False,False,False,False,False,False,False,False,False,False,False,False,False,False,False,False,False,False,False,False,False,False,2015,795
2015-09-05,34005,20.36882762338872,72.9,84.0,66.9,8.7,0.0,9,False,True,False,False,False,False,False,True,False,False,False,False,False,True,False,False,False,False,False,True,False,False,False,False,False,True,False,False,False,False,2015,796
2015-09-06,33199,20.810108738215,73.9,84.0,66.9,5.1,0.0,9,False,False,True,False,False,False,False,False,True,False,False,False,False,False,True,False,False,False,False,False,True,False,False,False,False,False,True,False,False,False,2015,797
2015-09-07,33682,19.942311917344576,77.8,90.0,66.9,7.9,0.0,9,True,False,False,False,False,False,True,False,False,False,False,False,True,False,False,False,False,False,True,False,False,False,False,False,True,False,False,False,False,False,2015,798
2015-09-08,42766,15.736452243994451,83.3,95.0,71.1,7.8,0.0,9,False,False,False,False,True,False,False,False,False,False,True,False,False,False,False,False,True,False,False,False,False,False,True,False,False,False,False,False,True,False,2015,799
2015-09-09,44005,13.642563723819263,81.1,88.0,75.2,10.4,0.0,9,False,False,False,False,False,True,False,False,False,False,False,True,False,False,False,False,False,True,False,False,False,False,False,True,False,False,False,False,False,True,2015,800
2015-09-10,22253,12.542506628319776,75.3,89.1,72.0,8.5,0.66,9,False,False,False,True,False,False,False,False,False,True,False,False,False,False,False,True,False,False,False,False,False,True,False,False,False,False,False,True,False,False,2015,801
2015-09-11,47613,15.510684406919676,72.4,81.0,66.0,8.8,0.52,9,False,False,False,False,False,False,False,False,False,False,False,False,False,False,False,False,False,False,False,False,False,False,False,False,False,False,False,False,False,False,2015,802
2015-09-12,33661,19.277701692364065,74.6,81.0,66.0,7.2,0.0,9,False,True,False,False,False,False,False,True,False,False,False,False,False,True,False,False,False,False,False,True,False,False,False,False,False,True,False,False,False,False,2015,803
2015-09-13,34794,20.105077503784184,72.6,79.0,68.0,8.8,0.22,9,False,False,True,False,False,False,False,False,True,False,False,False,False,False,True,False,False,False,False,False,True,False,False,False,False,False,True,False,False,False,2015,804
2015-09-14,44668,16.5868153189457,66.6,79.0,59.0,12.8,0.05,9,True,False,False,False,False,False,True,False,False,False,False,False,True,False,False,False,False,False,True,False,False,False,False,False,True,False,False,False,False,False,2015,805
2015-09-15,48729,17.101023688836896,73.2,84.0,59.0,6.2,0.0,9,False,False,False,False,True,False,False,False,False,False,True,False,False,False,False,False,True,False,False,False,False,False,True,False,False,False,False,False,True,False,2015,806
2015-09-16,51179,16.262160586698975,76.8,87.1,64.9,2.7,0.0,9,False,False,False,False,False,True,False,False,False,False,False,True,False,False,False,False,False,True,False,False,False,False,False,True,False,False,False,False,False,True,2015,807
2015-09-17,50705,17.22337014758572,78.0,87.1,68.0,4.1,0.0,9,False,False,False,True,False,False,False,False,False,True,False,False,False,False,False,True,False,False,False,False,False,True,False,False,False,False,False,True,False,False,2015,808
2015-09-18,50285,17.84178747804183,76.9,87.1,70.0,5.0,0.0,9,False,False,False,False,False,False,False,False,False,False,False,False,False,False,False,False,False,False,False,False,False,False,False,False,False,False,False,False,False,False,2015,809
2015-09-19,43011,23.09015019413639,73.9,84.9,69.1,7.7,0.0,9,False,True,False,False,False,False,False,True,False,False,False,False,False,True,False,False,False,False,False,True,False,False,False,False,False,True,False,False,False,False,2015,810
2015-09-20,40462,22.24887837147611,73.3,80.1,69.1,10.8,0.0,9,False,False,True,False,False,False,False,False,True,False,False,False,False,False,True,False,False,False,False,False,True,False,False,False,False,False,True,False,False,False,2015,811
2015-09-21,47180,16.602875865479724,65.4,75.9,59.0,11.0,0.0,9,True,False,False,False,False,False,True,False,False,False,False,False,True,False,False,False,False,False,True,False,False,False,False,False,True,False,False,False,False,False,2015,812
2015-09-22,48685,16.310683304234704,66.3,73.0,59.0,10.8,0.0,9,False,False,False,False,True,False,False,False,False,False,True,False,False,False,False,False,True,False,False,False,False,False,True,False,False,False,False,False,True,False,2015,813
2015-09-23,48366,17.723571655019366,67.6,79.0,59.0,6.3,0.0,9,False,False,False,False,False,True,False,False,False,False,False,True,False,False,False,False,False,True,False,False,False,False,False,True,False,False,False,False,False,True,2015,814
2015-09-24,52706,17.991786197649855,69.9,81.0,59.0,6.4,0.0,9,False,False,False,True,False,False,False,False,False,True,False,False,False,False,False,True,False,False,False,False,False,True,False,False,False,False,False,True,False,False,2015,815
2015-09-25,51368,18.575825741057983,68.5,81.0,63.0,9.7,0.0,9,False,False,False,False,False,False,False,False,False,False,False,False,False,False,False,False,False,False,False,False,False,False,False,False,False,False,False,False,False,False,2015,816
2015-09-26,42560,21.346217496867165,65.9,70.0,60.8,9.5,0.0,9,False,True,False,False,False,False,False,True,False,False,False,False,False,True,False,False,False,False,False,True,False,False,False,False,False,True,False,False,False,False,2015,817
2015-09-27,38285,20.841134038570367,62.2,70.0,55.9,9.1,0.0,9,False,False,True,False,False,False,False,False,True,False,False,False,False,False,True,False,False,False,False,False,True,False,False,False,False,False,True,False,False,False,2015,818
2015-09-28,48011,17.792971749529617,68.5,79.0,55.9,6.3,0.0,9,True,False,False,False,False,False,True,False,False,False,False,False,True,False,False,False,False,False,True,False,False,False,False,False,True,False,False,False,False,False,2015,819
2015-09-29,48725,17.201326150162476,74.7,82.9,64.9,5.5,0.0,9,False,False,False,False,True,False,False,False,False,False,True,False,False,False,False,False,True,False,False,False,False,False,True,False,False,False,False,False,True,False,2015,820
2015-09-30,39445,14.54867621582795,73.2,82.9,66.0,10.6,1.05,9,False,False,False,False,False,True,False,False,False,False,False,True,False,False,False,False,False,True,False,False,False,False,False,True,False,False,False,False,False,True,2015,821
2015-10-01,34719,18.449217527386548,59.4,78.1,54.0,13.6,0.06,10,False,False,False,True,False,False,False,False,False,True,False,False,False,False,False,True,False,False,False,False,False,True,False,False,False,False,False,True,False,False,2015,822
2015-10-02,9444,18.695468022024563,53.9,57.9,50.0,16.3,0.13,10,False,False,False,False,False,False,False,False,False,False,False,False,False,False,False,False,False,False,False,False,False,False,False,False,False,False,False,False,False,False,2015,823
2015-10-03,16564,20.15848124446591,51.6,55.0,48.2,21.6,1.45,10,False,True,False,False,False,False,False,True,False,False,False,False,False,True,False,False,False,False,False,True,False,False,False,False,False,True,False,False,False,False,2015,824
2015-10-04,30214,20.876187639284215,57.1,63.0,48.9,18.2,0.02,10,False,False,True,False,False,False,False,False,True,False,False,False,False,False,True,False,False,False,False,False,True,False,False,False,False,False,True,False,False,False,2015,825
2015-10-05,44581,18.53719446999095,57.2,64.9,51.8,11.5,0.0,10,True,False,False,False,False,False,True,False,False,False,False,False,True,False,False,False,False,False,True,False,False,False,False,False,True,False,False,False,False,False,2015,826
2015-10-06,49719,17.5488512104695,62.4,73.0,52.0,5.0,0.0,10,False,False,False,False,True,False,False,False,False,False,True,False,False,False,False,False,True,False,False,False,False,False,True,False,False,False,False,False,True,False,2015,827
2015-10-07,50141,16.422139566422693,64.6,73.0,55.0,5.5,0.0,10,False,False,False,False,False,True,False,False,False,False,False,True,False,False,False,False,False,True,False,False,False,False,False,True,False,False,False,False,False,True,2015,828
2015-10-08,50179,18.02507124494311,64.2,73.0,59.0,5.9,0.0,10,False,False,False,True,False,False,False,False,False,True,False,False,False,False,False,True,False,False,False,False,False,True,False,False,False,False,False,True,False,False,2015,829
2015-10-09,37283,21.964734597537756,66.9,78.1,60.1,7.7,0.0,10,False,False,False,False,False,False,False,False,False,False,False,False,False,False,False,False,False,False,False,False,False,False,False,False,False,False,False,False,False,False,2015,830
2015-10-10,39345,23.57990553649342,60.0,78.1,52.0,8.1,0.5,10,False,True,False,False,False,False,False,True,False,False,False,False,False,True,False,False,False,False,False,True,False,False,False,False,False,True,False,False,False,False,2015,831
2015-10-11,38967,25.433789274685413,59.7,70.0,52.0,6.2,0.0,10,False,False,True,False,False,False,False,False,True,False,False,False,False,False,True,False,False,False,False,False,True,False,False,False,False,False,True,False,False,False,2015,832
2015-10-12,45584,18.562714256464258,64.5,75.9,53.1,6.4,0.0,10,True,False,False,False,False,False,True,False,False,False,False,False,True,False,False,False,False,False,True,False,False,False,False,False,True,False,False,False,False,False,2015,833
2015-10-13,49047,16.981473212768698,66.1,75.9,55.9,6.8,0.0,10,False,False,False,False,True,False,False,False,False,False,True,False,False,False,False,False,True,False,False,False,False,False,True,False,False,False,False,False,True,False,2015,834
2015-10-14,49998,15.80713161859808,64.5,73.0,59.0,9.2,0.0,10,False,False,False,False,False,True,False,False,False,False,False,True,False,False,False,False,False,True,False,False,False,False,False,True,False,False,False,False,False,True,2015,835
2015-10-15,48783,17.14110004168119,58.5,68.0,52.0,9.1,0.0,10,False,False,False,True,False,False,False,False,False,True,False,False,False,False,False,True,False,False,False,False,False,True,False,False,False,False,False,True,False,False,2015,836
2015-10-16,46484,17.561983334767525,59.0,64.0,52.0,10.0,0.0,10,False,False,False,False,False,False,False,False,False,False,False,False,False,False,False,False,False,False,False,False,False,False,False,False,False,False,False,False,False,False,2015,837
2015-10-17,31809,20.51152556404371,52.9,64.0,48.0,11.6,0.0,10,False,True,False,False,False,False,False,True,False,False,False,False,False,True,False,False,False,False,False,True,False,False,False,False,False,True,False,False,False,False,2015,838
2015-10-18,23978,16.75690424555843,44.4,55.0,39.0,11.4,0.0,10,False,False,True,False,False,False,False,False,True,False,False,False,False,False,True,False,False,False,False,False,True,False,False,False,False,False,True,False,False,False,2015,839
2015-10-19,36570,16.252126515358672,43.5,53.1,37.0,8.1,0.0,10,True,False,False,False,False,False,True,False,False,False,False,False,True,False,False,False,False,False,True,False,False,False,False,False,True,False,False,False,False,False,2015,840
2015-10-20,45376,16.729051334038555,56.0,71.1,37.0,10.5,0.0,10,False,False,False,False,True,False,False,False,False,False,True,False,False,False,False,False,True,False,False,False,False,False,True,False,False,False,False,False,True,False,2015,841
2015-10-21,49121,16.535452589863127,65.5,75.9,48.9,5.9,0.0,10,False,False,False,False,False,True,False,False,False,False,False,True,False,False,False,False,False,True,False,False,False,False,False,True,False,False,False,False,False,True,2015,842
2015-10-22,49604,17.312967368222992,65.0,75.9,57.0,7.2,0.0,10,False,False,False,True,False,False,False,False,False,True,False,False,False,False,False,True,False,False,False,False,False,True,False,False,False,False,False,True,False,False,2015,843
2015-10-23,44679,17.50610503070047,60.0,75.9,52.0,11.0,0.0,10,False,False,False,False,False,False,False,False,False,False,False,False,False,False,False,False,False,False,False,False,False,False,False,False,False,False,False,False,False,False,2015,844
2015-10-24,31713,19.284232543961988,48.3,64.9,41.0,7.7,0.0,10,False,True,False,False,False,False,False,True,False,False,False,False,False,True,False,False,False,False,False,True,False,False,False,False,False,True,False,False,False,False,2015,845
2015-10-25,29289,19.484441257810104,59.3,68.0,41.0,9.1,0.01,10,False,False,True,False,False,False,False,False,True,False,False,False,False,False,True,False,False,False,False,False,True,False,False,False,False,False,True,False,False,False,2015,846
2015-10-26,42165,15.205814854342067,53.0,68.0,48.0,8.4,0.02,10,True,False,False,False,False,False,True,False,False,False,False,False,True,False,False,False,False,False,True,False,False,False,False,False,True,False,False,False,False,False,2015,847
2015-10-27,44553,14.859671252964636,52.2,59.0,46.0,6.0,0.0,10,False,False,False,False,True,False,False,False,False,False,True,False,False,False,False,False,True,False,False,False,False,False,True,False,False,False,False,False,True,False,2015,848
2015-10-28,20736,14.432488586676955,56.9,70.0,46.0,12.7,0.0,10,False,False,False,False,False,True,False,False,False,False,False,True,False,False,False,False,False,True,False,False,False,False,False,True,False,False,False,False,False,True,2015,849
2015-10-29,45358,16.448131898819756,67.6,73.9,51.1,13.5,1.26,10,False,False,False,True,False,False,False,False,False,True,False,False,False,False,False,True,False,False,False,False,False,True,False,False,False,False,False,True,False,False,2015,850
2015-10-30,44518,15.93633736166644,56.8,73.9,51.1,13.4,0.01,10,False,False,False,False,False,False,False,False,False,False,False,False,False,False,False,False,False,False,False,False,False,False,False,False,False,False,False,False,False,False,2015,851
2015-10-31,31756,20.491124511903266,49.0,60.1,43.0,7.8,0.0,10,False,True,False,False,False,False,False,True,False,False,False,False,False,True,False,False,False,False,False,True,False,False,False,False,False,True,False,False,False,False,2015,852
2015-11-01,30622,20.19616778786493,57.3,64.9,43.0,7.1,0.0,11,False,False,True,False,False,False,False,False,True,False,False,False,False,False,True,False,False,False,False,False,True,False,False,False,False,False,True,False,False,False,2015,853
2015-11-02,44534,16.637726605889124,60.2,64.9,53.1,4.9,0.0,11,True,False,False,False,False,False,True,False,False,False,False,False,True,False,False,False,False,False,True,False,False,False,False,False,True,False,False,False,False,False,2015,854
2015-11-03,49326,18.01580370055008,61.3,73.0,51.1,2.5,0.0,11,False,False,False,False,True,False,False,False,False,False,True,False,False,False,False,False,True,False,False,False,False,False,True,False,False,False,False,False,True,False,2015,855
2015-11-04,49487,16.941281548689563,61.5,73.0,51.1,3.6,0.0,11,False,False,False,False,False,True,False,False,False,False,False,True,False,False,False,False,False,True,False,False,False,False,False,True,False,False,False,False,False,True,2015,856
2015-11-05,43006,15.287937729619124,62.0,71.1,55.0,3.3,0.0,11,False,False,False,True,False,False,False,False,False,True,False,False,False,False,False,True,False,False,False,False,False,True,False,False,False,False,False,True,False,False,2015,857
2015-11-06,47162,17.097363696761512,68.3,75.0,57.0,7.5,0.0,11,False,False,False,False,False,False,False,False,False,False,False,False,False,False,False,False,False,False,False,False,False,False,False,False,False,False,False,False,False,False,2015,858
2015-11-07,35586,21.31881123662864,65.9,75.0,57.0,9.2,0.0,11,False,True,False,False,False,False,False,True,False,False,False,False,False,True,False,False,False,False,False,True,False,False,False,False,False,True,False,False,False,False,2015,859
2015-11-08,32317,19.788492640612255,53.5,72.0,48.0,9.9,0.0,11,False,False,True,False,False,False,False,False,True,False,False,False,False,False,True,False,False,False,False,False,True,False,False,False,False,False,True,False,False,False,2015,860
2015-11-09,42262,15.837494676068337,53.0,60.1,46.0,2.9,0.0,11,True,False,False,False,False,False,True,False,False,False,False,False,True,False,False,False,False,False,True,False,False,False,False,False,True,False,False,False,False,False,2015,861
2015-11-10,21585,13.018756080611531,56.0,60.1,46.0,9.6,0.0,11,False,False,False,False,True,False,False,False,False,False,True,False,False,False,False,False,True,False,False,False,False,False,True,False,False,False,False,False,True,False,2015,862
2015-11-11,37705,14.9378110772223,53.2,59.0,50.0,12.7,0.5,11,False,False,False,False,False,True,False,False,False,False,False,True,False,False,False,False,False,True,False,False,False,False,False,True,False,False,False,False,False,True,2015,863
2015-11-12,37319,13.34384942433255,55.2,60.1,50.0,8.0,0.23,11,False,False,False,True,False,False,False,False,False,True,False,False,False,False,False,True,False,False,False,False,False,True,False,False,False,False,False,True,False,False,2015,864
2015-11-13,38970,14.539436746215038,56.8,60.1,51.1,16.1,0.01,11,False,False,False,False,False,False,False,False,False,False,False,False,False,False,False,False,False,False,False,False,False,False,False,False,False,False,False,False,False,False,2015,865
2015-11-14,25299,17.232278614437988,47.8,59.0,45.0,16.2,0.0,11,False,True,False,False,False,False,False,True,False,False,False,False,False,True,False,False,False,False,False,True,False,False,False,False,False,True,False,False,False,False,2015,866
2015-11-15,25990,18.136986020264214,47.4,59.0,42.1,8.5,0.0,11,False,False,True,False,False,False,False,False,True,False,False,False,False,False,True,False,False,False,False,False,True,False,False,False,False,False,True,False,False,False,2015,867
2015-11-16,40916,15.260485303222865,58.8,68.0,42.1,5.7,0.0,11,True,False,False,False,False,False,True,False,False,False,False,False,True,False,False,False,False,False,True,False,False,False,False,False,True,False,False,False,False,False,2015,868
2015-11-17,38939,14.368553806380914,49.1,68.0,41.0,10.7,0.0,11,False,False,False,False,True,False,False,False,False,False,True,False,False,False,False,False,True,False,False,False,False,False,True,False,False,False,False,False,True,False,2015,869
2015-11-18,41485,13.98574665541762,50.5,59.0,41.0,7.3,0.0,11,False,False,False,False,False,True,False,False,False,False,False,True,False,False,False,False,False,True,False,False,False,False,False,True,False,False,False,False,False,True,2015,870
2015-11-19,21890,14.644936805238313,59.7,64.0,45.0,11.7,0.0,11,False,False,False,True,False,False,False,False,False,True,False,False,False,False,False,True,False,False,False,False,False,True,False,False,False,False,False,True,False,False,2015,871
2015-11-20,38205,16.31373205950355,58.9,64.4,53.1,12.5,1.16,11,False,False,False,False,False,False,False,False,False,False,False,False,False,False,False,False,False,False,False,False,False,False,False,False,False,False,False,False,False,False,2015,872
2015-11-21,28038,16.86766887795135,47.2,64.0,43.0,8.7,0.0,11,False,True,False,False,False,False,False,True,False,False,False,False,False,True,False,False,False,False,False,True,False,False,False,False,False,True,False,False,False,False,2015,873
2015-11-22,23343,16.721426837453055,52.1,55.9,43.0,7.9,0.0,11,False,False,True,False,False,False,False,False,True,False,False,False,False,False,True,False,False,False,False,False,True,False,False,False,False,False,True,False,False,False,2015,874
2015-11-23,30136,13.275741084859748,41.8,55.9,36.0,13.2,0.0,11,True,False,False,False,False,False,True,False,False,False,False,False,True,False,False,False,False,False,True,False,False,False,False,False,True,False,False,False,False,False,2015,875
2015-11-24,32218,13.300495582179732,39.2,46.9,33.1,7.2,0.0,11,False,False,False,False,True,False,False,False,False,False,True,False,False,False,False,False,True,False,False,False,False,False,True,False,False,False,False,False,True,False,2015,876
2015-11-25,30295,15.095552071298895,44.0,48.9,33.1,6.5,0.0,11,False,False,False,False,False,True,False,False,False,False,False,True,False,False,False,False,False,True,False,False,False,False,False,True,False,False,False,False,False,True,2015,877
2015-11-26,13291,23.74951094725754,48.1,60.1,39.9,3.9,0.0,11,False,False,False,True,False,False,False,False,False,True,False,False,False,False,False,True,False,False,False,False,False,True,False,False,False,False,False,True,False,False,2015,878
2015-11-27,22824,18.52700738988199,55.6,64.9,41.0,5.0,0.0,11,False,False,False,False,False,False,False,False,False,False,False,False,False,False,False,False,False,False,False,False,False,False,False,False,False,False,False,False,False,False,2015,879
2015-11-28,15830,17.995388502842697,57.2,64.9,46.9,6.8,0.0,11,False,True,False,False,False,False,False,True,False,False,False,False,False,True,False,False,False,False,False,True,False,False,False,False,False,True,False,False,False,False,2015,880
2015-11-29,18452,15.968623997398652,43.0,46.9,37.9,8.7,0.03,11,False,False,True,False,False,False,False,False,True,False,False,False,False,False,True,False,False,False,False,False,True,False,False,False,False,False,True,False,False,False,2015,881
2015-11-30,30213,12.73142411103388,39.8,46.0,33.8,10.5,0.0,11,True,False,False,False,False,False,True,False,False,False,False,False,True,False,False,False,False,False,True,False,False,False,False,False,True,False,False,False,False,False,2015,882
2015-12-01,18399,12.880604924180664,47.1,53.6,44.1,9.6,0.13,12,False,False,False,False,True,False,False,False,False,False,True,False,False,False,False,False,True,False,False,False,False,False,True,False,False,False,False,False,True,False,2015,883
2015-12-02,23782,13.507134247189752,48.1,55.4,46.0,5.1,0.24,12,False,False,False,False,False,True,False,False,False,False,False,True,False,False,False,False,False,True,False,False,False,False,False,True,False,False,False,False,False,True,2015,884
2015-12-03,33917,13.151216204263353,51.4,57.2,46.9,11.5,0.1,12,False,False,False,True,False,False,False,False,False,True,False,False,False,False,False,True,False,False,False,False,False,True,False,False,False,False,False,True,False,False,2015,885
2015-12-04,34737,14.553756321309644,46.9,55.9,44.1,10.5,0.0,12,False,False,False,False,False,False,False,False,False,False,False,False,False,False,False,False,False,False,False,False,False,False,False,False,False,False,False,False,False,False,2015,886
2015-12-05,26358,21.22657826845738,47.1,52.0,43.0,4.1,0.0,12,False,True,False,False,False,False,False,True,False,False,False,False,False,True,False,False,False,False,False,True,False,False,False,False,False,True,False,False,False,False,2015,887
2015-12-06,24943,19.68036456454049,47.1,53.1,39.9,3.6,0.0,12,False,False,True,False,False,False,False,False,True,False,False,False,False,False,True,False,False,False,False,False,True,False,False,False,False,False,True,False,False,False,2015,888
2015-12-07,34139,14.107047658103632,48.8,55.0,39.9,4.5,0.0,12,True,False,False,False,False,False,True,False,False,False,False,False,True,False,False,False,False,False,True,False,False,False,False,False,True,False,False,False,False,False,2015,889
2015-12-08,35614,13.692017184253384,45.3,55.0,41.0,6.5,0.0,12,False,False,False,False,True,False,False,False,False,False,True,False,False,False,False,False,True,False,False,False,False,False,True,False,False,False,False,False,True,False,2015,890
2015-12-09,35306,14.534629147076036,45.7,53.1,39.0,4.2,0.0,12,False,False,False,False,False,True,False,False,False,False,False,True,False,False,False,False,False,True,False,False,False,False,False,True,False,False,False,False,False,True,2015,891
2015-12-10,39099,14.727249631277871,55.0,61.0,39.0,6.0,0.0,12,False,False,False,True,False,False,False,False,False,True,False,False,False,False,False,True,False,False,False,False,False,True,False,False,False,False,False,True,False,False,2015,892
2015-12-11,39060,15.879403481822838,54.3,61.0,48.9,5.4,0.0,12,False,False,False,False,False,False,False,False,False,False,False,False,False,False,False,False,False,False,False,False,False,False,False,False,False,False,False,False,False,False,2015,893
2015-12-12,31957,20.00469954417916,59.0,66.0,48.9,3.6,0.0,12,False,True,False,False,False,False,False,True,False,False,False,False,False,True,False,False,False,False,False,True,False,False,False,False,False,True,False,False,False,False,2015,894
2015-12-13,32001,19.65704092580441,57.1,66.0,53.1,3.3,0.0,12,False,False,True,False,False,False,False,False,True,False,False,False,False,False,True,False,False,False,False,False,True,False,False,False,False,False,True,False,False,False,2015,895
2015-12-14,32518,13.52645816675892,53.7,62.1,51.1,5.6,0.0,12,True,False,False,False,False,False,True,False,False,False,False,False,True,False,False,False,False,False,True,False,False,False,False,False,True,False,False,False,False,False,2015,896
2015-12-15,38661,13.750234517127511,60.7,64.4,55.0,12.4,0.39,12,False,False,False,False,True,False,False,False,False,False,True,False,False,False,False,False,True,False,False,False,False,False,True,False,False,False,False,False,True,False,2015,897
2015-12-16,35643,13.286628978106968,50.0,64.0,45.0,10.8,0.11,12,False,False,False,False,False,True,False,False,False,False,False,True,False,False,False,False,False,True,False,False,False,False,False,True,False,False,False,False,False,True,2015,898
2015-12-17,21961,14.378934626534916,53.4,59.0,48.0,6.5,0.05,12,False,False,False,True,False,False,False,False,False,True,False,False,False,False,False,True,False,False,False,False,False,True,False,False,False,False,False,True,False,False,2015,899
2015-12-18,30704,14.703712328469686,51.1,59.0,43.0,9.6,0.88,12,False,False,False,False,False,False,False,False,False,False,False,False,False,False,False,False,False,False,False,False,False,False,False,False,False,False,False,False,False,False,2015,900
2015-12-19,17778,14.9548730640867,39.2,57.0,36.0,15.5,0.01,12,False,True,False,False,False,False,False,True,False,False,False,False,False,True,False,False,False,False,False,True,False,False,False,False,False,True,False,False,False,False,2015,901
2015-12-20,17030,16.171584458798197,39.8,44.1,36.0,12.0,0.0,12,False,False,True,False,False,False,False,False,True,False,False,False,False,False,True,False,False,False,False,False,True,False,False,False,False,False,True,False,False,False,2015,902
2015-12-21,29800,12.92418903803132,45.6,55.0,36.0,8.0,0.0,12,True,False,False,False,False,False,True,False,False,False,False,False,True,False,False,False,False,False,True,False,False,False,False,False,True,False,False,False,False,False,2015,903
2015-12-22,22941,13.471548029001926,56.8,62.6,55.0,6.4,0.0,12,False,False,False,False,True,False,False,False,False,False,True,False,False,False,False,False,True,False,False,False,False,False,True,False,False,False,False,False,True,False,2015,904
2015-12-23,14817,13.377803648961777,54.2,62.1,50.0,6.1,0.18,12,False,False,False,False,False,True,False,False,False,False,False,True,False,False,False,False,False,True,False,False,False,False,False,True,False,False,False,False,False,True,2015,905
2015-12-24,18447,18.84239713774597,64.0,72.0,50.0,9.2,1.46,12,False,False,False,True,False,False,False,False,False,True,False,False,False,False,False,True,False,False,False,False,False,True,False,False,False,False,False,True,False,False,2015,906
2015-12-25,12333,34.913612530068384,60.3,72.0,54.0,2.3,0.01,12,False,False,False,False,False,False,False,False,False,False,False,False,False,False,False,False,False,False,False,False,False,False,False,False,False,False,False,False,False,False,2015,907
2015-12-26,13914,23.211406976187057,54.5,64.0,50.0,7.7,0.03,12,False,True,False,False,False,False,False,True,False,False,False,False,False,True,False,False,False,False,False,True,False,False,False,False,False,True,False,False,False,False,2015,908
2015-12-27,13177,21.124116516151883,52.4,62.6,46.0,6.8,0.14,12,False,False,True,False,False,False,False,False,True,False,False,False,False,False,True,False,False,False,False,False,True,False,False,False,False,False,True,False,False,False,2015,909
2015-12-28,18889,14.81826812783454,44.8,62.1,39.0,11.7,0.02,12,True,False,False,False,False,False,True,False,False,False,False,False,True,False,False,False,False,False,True,False,False,False,False,False,True,False,False,False,False,False,2015,910
2015-12-29,13347,12.11237981069404,40.2,46.9,33.8,12.7,0.37,12,False,False,False,False,True,False,False,False,False,False,True,False,False,False,False,False,True,False,False,False,False,False,True,False,False,False,False,False,True,False,2015,911
2015-12-30,22477,15.921718497426998,41.8,48.0,34.0,4.8,0.13,12,False,False,False,False,False,True,False,False,False,False,False,True,False,False,False,False,False,True,False,False,False,False,False,True,False,False,False,False,False,True,2015,912
2015-12-31,20376,16.815838895432528,47.0,48.2,46.0,5.7,0.17,12,False,False,False,True,False,False,False,False,False,True,False,False,False,False,False,True,False,False,False,False,False,True,False,False,False,False,False,True,False,False,2015,913
2016-01-01,11009,20.218967814212608,41.9,50.0,39.0,11.8,0.03,1,False,False,False,False,False,False,False,False,False,False,False,False,False,False,False,False,False,False,False,False,False,False,False,False,False,False,False,False,False,False,2016,914
2016-01-02,14587,17.119549370444002,37.3,43.0,34.0,11.9,0.0,1,False,True,False,False,False,False,False,True,False,False,False,False,False,True,False,False,False,False,False,True,False,False,False,False,False,True,False,False,False,False,2016,915
2016-01-03,15499,15.743290965008494,40.0,46.9,34.0,9.9,0.0,1,False,False,True,False,False,False,False,False,True,False,False,False,False,False,True,False,False,False,False,False,True,False,False,False,False,False,True,False,False,False,2016,916
2016-01-04,19593,12.85937494683475,33.7,46.9,21.0,13.9,0.0,1,True,False,False,False,False,False,True,False,False,False,False,False,True,False,False,False,False,False,True,False,False,False,False,False,True,False,False,False,False,False,2016,917
2016-01-05,18053,11.37125131557082,19.5,37.9,12.9,13.8,0.0,1,False,False,False,False,True,False,False,False,False,False,True,False,False,False,False,False,True,False,False,False,False,False,True,False,False,False,False,False,True,False,2016,918
2016-01-06,24569,13.925138724951497,32.2,43.0,12.9,4.2,0.0,1,False,False,False,False,False,True,False,False,False,False,False,True,False,False,False,False,False,True,False,False,False,False,False,True,False,False,False,False,False,True,2016,919
2016-01-07,27773,12.8975695819681,39.0,48.0,26.1,3.7,0.0,1,False,False,False,True,False,False,False,False,False,True,False,False,False,False,False,True,False,False,False,False,False,True,False,False,False,False,False,True,False,False,2016,920
2016-01-08,28709,14.043273886237763,40.3,48.0,32.0,7.0,0.0,1,False,False,False,False,False,False,False,False,False,False,False,False,False,False,False,False,False,False,False,False,False,False,False,False,False,False,False,False,False,False,2016,921
2016-01-09,20846,14.839802999776133,43.7,48.0,34.0,10.8,0.0,1,False,True,False,False,False,False,False,True,False,False,False,False,False,True,False,False,False,False,False,True,False,False,False,False,False,True,False,False,False,False,2016,922
2016-01-10,14275,15.18351430239346,50.9,59.0,41.0,12.7,0.63,1,False,False,True,False,False,False,False,False,True,False,False,False,False,False,True,False,False,False,False,False,True,False,False,False,False,False,True,False,False,False,2016,923
2016-01-11,22937,11.935826394035836,37.8,59.0,30.9,16.0,0.79,1,True,False,False,False,False,False,True,False,False,False,False,False,True,False,False,False,False,False,True,False,False,False,False,False,True,False,False,False,False,False,2016,924
2016-01-12,25211,12.203203628045962,32.9,45.0,26.1,9.0,0.0,1,False,False,False,False,True,False,False,False,False,False,True,False,False,False,False,False,True,False,False,False,False,False,True,False,False,False,False,False,True,False,2016,925
2016-01-13,21133,13.283152731115631,29.3,45.0,24.1,16.9,0.0,1,False,False,False,False,False,True,False,False,False,False,False,True,False,False,False,False,False,True,False,False,False,False,False,True,False,False,False,False,False,True,2016,926
2016-01-14,23780,13.019561956826468,28.7,39.0,24.1,11.0,0.0,1,False,False,False,True,False,False,False,False,False,True,False,False,False,False,False,True,False,False,False,False,False,True,False,False,False,False,False,True,False,False,2016,927
2016-01-15,28435,14.487640818240433,40.2,52.0,24.1,4.8,0.0,1,False,False,False,False,False,False,False,False,False,False,False,False,False,False,False,False,False,False,False,False,False,False,False,False,False,False,False,False,False,False,2016,928
2016-01-16,19178,16.918041505892166,46.3,52.0,34.0,9.6,0.24,1,False,True,False,False,False,False,False,True,False,False,False,False,False,True,False,False,False,False,False,True,False,False,False,False,False,True,False,False,False,False,2016,929
2016-01-17,12024,16.35168135950322,38.9,46.9,30.2,9.5,0.02,1,False,False,True,False,False,False,False,False,True,False,False,False,False,False,True,False,False,False,False,False,True,False,False,False,False,False,True,False,False,False,2016,930
2016-01-18,12718,12.472764323530956,29.0,44.1,24.1,15.0,0.05,1,True,False,False,False,False,False,True,False,False,False,False,False,True,False,False,False,False,False,True,False,False,False,False,False,True,False,False,False,False,False,2016,931
2016-01-19,17281,11.16667920452134,22.8,33.1,18.0,19.0,0.0,1,False,False,False,False,True,False,False,False,False,False,True,False,False,False,False,False,True,False,False,False,False,False,True,False,False,False,False,False,True,False,2016,932
2016-01-20,23420,12.554346712211784,32.1,37.9,18.0,13.0,0.0,1,False,False,False,False,False,True,False,False,False,False,False,True,False,False,False,False,False,True,False,False,False,False,False,True,False,False,False,False,False,True,2016,933
2016-01-21,23672,13.704975639292549,32.6,37.9,28.0,10.8,0.0,1,False,False,False,True,False,False,False,False,False,True,False,False,False,False,False,True,False,False,False,False,False,True,False,False,False,False,False,True,False,False,2016,934
2016-01-22,20950,14.860442322991252,27.3,37.9,21.9,10.5,0.0,1,False,False,False,False,False,False,False,False,False,False,False,False,False,False,False,False,False,False,False,False,False,False,False,False,False,False,False,False,False,False,2016,935
2016-01-27,6761,17.99047231671843,44.4,48.9,35.1,10.3,0.01,1,False,False,False,False,False,True,False,False,False,False,False,True,False,False,False,False,False,True,False,False,False,False,False,True,False,False,False,False,False,True,2016,940
2016-01-28,11946,16.815265918857076,37.9,48.0,28.9,5.4,0.0,1,False,False,False,True,False,False,False,False,False,True,False,False,False,False,False,True,False,False,False,False,False,True,False,False,False,False,False,True,False,False,2016,941
2016-01-29,16028,14.059549954246735,39.8,44.1,28.9,8.0,0.0,1,False,False,False,False,False,False,False,False,False,False,False,False,False,False,False,False,False,False,False,False,False,False,False,False,False,False,False,False,False,False,2016,942
2016-01-30,12973,15.286832909375882,34.0,42.1,30.0,10.4,0.0,1,False,True,False,False,False,False,False,True,False,False,False,False,False,True,False,False,False,False,False,True,False,False,False,False,False,True,False,False,False,False,2016,943
2016-01-31,16118,16.03586052860156,42.4,55.9,30.0,6.8,0.0,1,False,False,True,False,False,False,False,False,True,False,False,False,False,False,True,False,False,False,False,False,True,False,False,False,False,False,True,False,False,False,2016,944
2016-02-01,24334,13.25067943344018,50.5,59.0,37.0,6.5,0.0,2,True,False,False,False,False,False,True,False,False,False,False,False,True,False,False,False,False,False,True,False,False,False,False,False,True,False,False,False,False,False,2016,945
2016-02-02,28528,14.370903439895306,45.5,59.0,37.9,5.0,0.0,2,False,False,False,False,True,False,False,False,False,False,True,False,False,False,False,False,True,False,False,False,False,False,True,False,False,False,False,False,True,False,2016,946
2016-02-03,16203,11.663013022279824,48.1,57.0,37.9,9.0,0.0,2,False,False,False,False,False,True,False,False,False,False,False,True,False,False,False,False,False,True,False,False,False,False,False,True,False,False,False,False,False,True,2016,947
2016-02-04,27766,15.73333213282432,54.0,57.9,42.1,8.2,0.69,2,False,False,False,True,False,False,False,False,False,True,False,False,False,False,False,True,False,False,False,False,False,True,False,False,False,False,False,True,False,False,2016,948
2016-02-05,13670,13.922404291636184,39.4,57.9,32.0,13.7,0.31,2,False,False,False,False,False,False,False,False,False,False,False,False,False,False,False,False,False,False,False,False,False,False,False,False,False,False,False,False,False,False,2016,949
2016-02-06,16933,16.371742553987282,36.0,44.1,32.0,9.3,0.05,2,False,True,False,False,False,False,False,True,False,False,False,False,False,True,False,False,False,False,False,True,False,False,False,False,False,True,False,False,False,False,2016,950
2016-02-07,17605,15.890264129508664,39.6,46.0,32.0,5.0,0.0,2,False,False,True,False,False,False,False,False,True,False,False,False,False,False,True,False,False,False,False,False,True,False,False,False,False,False,True,False,False,False,2016,951
2016-02-08,19026,12.806705736010375,36.7,39.9,30.2,13.5,0.0,2,True,False,False,False,False,False,True,False,False,False,False,False,True,False,False,False,False,False,True,False,False,False,False,False,True,False,False,False,False,False,2016,952
2016-02-09,22741,13.106703750934432,30.2,41.0,27.0,8.3,0.06,2,False,False,False,False,True,False,False,False,False,False,True,False,False,False,False,False,True,False,False,False,False,False,True,False,False,False,False,False,True,False,2016,953
2016-02-10,22420,13.478496134403803,35.4,39.9,27.0,7.6,0.01,2,False,False,False,False,False,True,False,False,False,False,False,True,False,False,False,False,False,True,False,False,False,False,False,True,False,False,False,False,False,True,2016,954
2016-02-11,18748,13.523118021477847,28.1,39.9,23.0,17.3,99.99,2,False,False,False,True,False,False,False,False,False,True,False,False,False,False,False,True,False,False,False,False,False,True,False,False,False,False,False,True,False,False,2016,955
2016-02-12,16449,15.263371633533955,21.7,32.0,17.1,12.3,0.05,2,False,False,False,False,False,False,False,False,False,False,False,False,False,False,False,False,False,False,False,False,False,False,False,False,False,False,False,False,False,False,2016,956
2016-02-13,6625,13.904042767295596,21.6,27.0,10.9,17.0,0.0,2,False,True,False,False,False,False,False,True,False,False,False,False,False,True,False,False,False,False,False,True,False,False,False,False,False,True,False,False,False,False,2016,957
2016-02-14,4653,15.776377247653844,8.3,24.1,1.0,15.8,0.0,2,False,False,True,False,False,False,False,False,True,False,False,False,False,False,True,False,False,False,False,False,True,False,False,False,False,False,True,False,False,False,2016,958
2016-02-15,5884,11.873243825062314,19.1,30.9,1.0,6.2,0.0,2,True,False,False,False,False,False,True,False,False,False,False,False,True,False,False,False,False,False,True,False,False,False,False,False,True,False,False,False,False,False,2016,959
2016-02-16,14542,12.414541787007748,46.1,57.2,30.9,13.4,0.49,2,False,False,False,False,True,False,False,False,False,False,True,False,False,False,False,False,True,False,False,False,False,False,True,False,False,False,False,False,True,False,2016,960
2016-02-17,23572,12.86050115956785,39.9,57.0,35.1,12.6,0.8,2,False,False,False,False,False,True,False,False,False,False,False,True,False,False,False,False,False,True,False,False,False,False,False,True,False,False,False,False,False,True,2016,961
2016-02-18,22261,14.31494392285462,33.9,41.0,28.9,12.8,0.0,2,False,False,False,True,False,False,False,False,False,True,False,False,False,False,False,True,False,False,False,False,False,True,False,False,False,False,False,True,False,False,2016,962
2016-02-19,21959,13.206008925725216,30.2,37.4,25.0,7.6,0.0,2,False,False,False,False,False,False,False,False,False,False,False,False,False,False,False,False,False,False,False,False,False,False,False,False,False,False,False,False,False,False,2016,963
2016-02-20,24484,20.461634128410388,47.4,62.1,25.0,10.1,0.0,2,False,True,False,False,False,False,False,True,False,False,False,False,False,True,False,False,False,False,False,True,False,False,False,False,False,True,False,False,False,False,2016,964
2016-02-21,20052,19.637280570516655,53.1,62.1,39.9,8.4,0.0,2,False,False,True,False,False,False,False,False,True,False,False,False,False,False,True,False,False,False,False,False,True,False,False,False,False,False,True,False,False,False,2016,965
2016-02-22,28233,14.050746762063309,46.0,57.0,39.0,6.1,0.05,2,True,False,False,False,False,False,True,False,False,False,False,False,True,False,False,False,False,False,True,False,False,False,False,False,True,False,False,False,False,False,2016,966
2016-02-23,16133,12.878113184156698,38.8,53.1,36.0,13.0,0.0,2,False,False,False,False,True,False,False,False,False,False,True,False,False,False,False,False,True,False,False,False,False,False,True,False,False,False,False,False,True,False,2016,967
2016-02-24,9761,11.923438513813474,39.8,55.4,35.6,14.0,0.3,2,False,False,False,False,False,True,False,False,False,False,False,True,False,False,False,False,False,True,False,False,False,False,False,True,False,False,False,False,False,True,2016,968
2016-02-25,25102,12.412082038615782,52.7,61.0,36.0,17.1,1.48,2,False,False,False,True,False,False,False,False,False,True,False,False,False,False,False,True,False,False,False,False,False,True,False,False,False,False,False,True,False,False,2016,969
2016-02-26,22573,12.972426497733284,36.6,41.0,33.1,17.7,0.02,2,False,False,False,False,False,False,False,False,False,False,False,False,False,False,False,False,False,False,False,False,False,False,False,False,False,False,False,False,False,False,2016,970
2016-02-27,17226,16.949139866093887,32.6,42.1,28.0,11.5,0.0,2,False,True,False,False,False,False,False,True,False,False,False,False,False,True,False,False,False,False,False,True,False,False,False,False,False,True,False,False,False,False,2016,971
2016-02-28,25437,20.95710120428248,46.3,61.0,28.0,10.1,0.0,2,False,False,True,False,False,False,False,False,True,False,False,False,False,False,True,False,False,False,False,False,True,False,False,False,False,False,True,False,False,False,2016,972
2016-02-29,27954,13.314709284300395,51.2,61.0,39.0,9.4,0.0,2,True,False,False,False,False,False,True,False,False,False,False,False,True,False,False,False,False,False,True,False,False,False,False,False,True,False,False,False,False,False,2016,973
2016-03-01,30509,15.124711287379675,46.6,61.0,39.9,11.4,0.07,3,False,False,False,False,True,False,False,False,False,False,True,False,False,False,False,False,True,False,False,False,False,False,True,False,False,False,False,False,True,False,2016,974
2016-03-02,26195,13.53202074187186,46.5,55.9,36.0,15.1,0.17,3,False,False,False,False,False,True,False,False,False,False,False,True,False,False,False,False,False,True,False,False,False,False,False,True,False,False,False,False,False,True,2016,975
2016-03-03,24061,13.285572087610657,31.5,36.0,27.0,11.9,0.0,3,False,False,False,True,False,False,False,False,False,True,False,False,False,False,False,True,False,False,False,False,False,True,False,False,False,False,False,True,False,False,2016,976
2016-03-04,17369,12.661628955802485,33.7,42.1,27.0,10.0,0.04,3,False,False,False,False,False,False,False,False,False,False,False,False,False,False,False,False,False,False,False,False,False,False,False,False,False,False,False,False,False,False,2016,977
2016-03-05,18023,16.747829625108658,34.8,42.1,30.0,9.4,0.04,3,False,True,False,False,False,False,False,True,False,False,False,False,False,True,False,False,False,False,False,True,False,False,False,False,False,True,False,False,False,False,2016,978
2016-03-06,18832,16.345742176437273,37.8,46.9,30.0,4.5,0.0,3,False,False,True,False,False,False,False,False,True,False,False,False,False,False,True,False,False,False,False,False,True,False,False,False,False,False,True,False,False,False,2016,979
2016-03-07,31492,16.197380287057033,45.1,61.0,33.1,9.3,0.0,3,True,False,False,False,False,False,True,False,False,False,False,False,True,False,False,False,False,False,True,False,False,False,False,False,True,False,False,False,False,False,2016,980
2016-03-08,36521,15.032190611794126,53.9,64.0,37.0,5.8,0.0,3,False,False,False,False,True,False,False,False,False,False,True,False,False,False,False,False,True,False,False,False,False,False,True,False,False,False,False,False,True,False,2016,981
2016-03-09,41490,18.328602876195077,54.0,75.0,41.0,5.3,0.0,3,False,False,False,False,False,True,False,False,False,False,False,True,False,False,False,False,False,True,False,False,False,False,False,True,False,False,False,False,False,True,2016,982
2016-03-10,42252,17.65269888604879,70.0,78.1,64.0,6.7,0.0,3,False,False,False,True,False,False,False,False,False,True,False,False,False,False,False,True,False,False,False,False,False,True,False,False,False,False,False,True,False,False,2016,983
2016-03-11,38195,18.275407775886897,61.2,78.1,54.0,9.7,0.04,3,False,False,False,False,False,False,False,False,False,False,False,False,False,False,False,False,False,False,False,False,False,False,False,False,False,False,False,False,False,False,2016,984
2016-03-12,32771,22.65650524345712,49.6,66.0,41.0,7.2,0.0,3,False,True,False,False,False,False,False,True,False,False,False,False,False,True,False,False,False,False,False,True,False,False,False,False,False,True,False,False,False,False,2016,985
2016-03-13,27550,22.446108892921963,56.7,64.0,41.0,5.6,0.0,3,False,False,True,False,False,False,False,False,True,False,False,False,False,False,True,False,False,False,False,False,True,False,False,False,False,False,True,False,False,False,2016,986
2016-03-14,10930,12.241709362610552,47.6,64.0,41.0,12.0,0.02,3,True,False,False,False,False,False,True,False,False,False,False,False,True,False,False,False,False,False,True,False,False,False,False,False,True,False,False,False,False,False,2016,987
2016-03-15,31596,15.491558530615697,48.0,57.0,41.0,12.8,0.17,3,False,False,False,False,True,False,False,False,False,False,True,False,False,False,False,False,True,False,False,False,False,False,True,False,False,False,False,False,True,False,2016,988
2016-03-16,36067,16.425101431594904,53.5,64.9,44.1,3.2,0.0,3,False,False,False,False,False,True,False,False,False,False,False,True,False,False,False,False,False,True,False,False,False,False,False,True,False,False,False,False,False,True,2016,989
2016-03-17,35390,16.212757370255243,52.2,64.9,45.0,7.6,0.02,3,False,False,False,True,False,False,False,False,False,True,False,False,False,False,False,True,False,False,False,False,False,True,False,False,False,False,False,True,False,False,2016,990
2016-03-18,34647,15.460024917982317,53.0,64.0,45.0,13.3,0.04,3,False,False,False,False,False,False,False,False,False,False,False,False,False,False,False,False,False,False,False,False,False,False,False,False,False,False,False,False,False,False,2016,991
2016-03-19,24048,18.36390552228875,43.5,57.0,37.0,7.0,0.0,3,False,True,False,False,False,False,False,True,False,False,False,False,False,True,False,False,False,False,False,True,False,False,False,False,False,True,False,False,False,False,2016,992
2016-03-20,16678,19.04426390054763,38.9,46.9,33.1,12.7,0.0,3,False,False,True,False,False,False,False,False,True,False,False,False,False,False,True,False,False,False,False,False,True,False,False,False,False,False,True,False,False,False,2016,993
2016-03-21,26414,13.60851253123344,39.6,50.0,33.1,10.4,0.14,3,True,False,False,False,False,False,True,False,False,False,False,False,True,False,False,False,False,False,True,False,False,False,False,False,True,False,False,False,False,False,2016,994
2016-03-22,33497,15.566450726930777,43.8,55.0,37.0,13.6,0.07,3,False,False,False,False,True,False,False,False,False,False,True,False,False,False,False,False,True,False,False,False,False,False,True,False,False,False,False,False,True,False,2016,995
2016-03-23,40983,17.20937583876242,57.4,71.1,50.0,9.1,0.0,3,False,False,False,False,False,True,False,False,False,False,False,True,False,False,False,False,False,True,False,False,False,False,False,True,False,False,False,False,False,True,2016,996
2016-03-24,36495,15.035235420377218,50.1,71.1,44.1,11.2,0.0,3,False,False,False,True,False,False,False,False,False,True,False,False,False,False,False,True,False,False,False,False,False,True,False,False,False,False,False,True,False,False,2016,997
2016-03-25,34097,19.25185158029544,55.9,73.0,44.1,7.9,0.0,3,False,False,False,False,False,False,False,False,False,False,False,False,False,False,False,False,False,False,False,False,False,False,False,False,False,False,False,False,False,False,2016,998
2016-03-26,27478,25.452501395055435,47.0,73.0,39.0,10.5,0.07,3,False,True,False,False,False,False,False,True,False,False,False,False,False,True,False,False,False,False,False,True,False,False,False,False,False,True,False,False,False,False,2016,999
2016-03-27,22483,21.431044196355767,45.8,54.0,39.0,6.8,0.0,3,False,False,True,False,False,False,False,False,True,False,False,False,False,False,True,False,False,False,False,False,True,False,False,False,False,False,True,False,False,False,2016,1000
2016-03-28,20345,14.658629474891455,47.3,62.1,42.8,11.2,0.19,3,True,False,False,False,False,False,True,False,False,False,False,False,True,False,False,False,False,False,True,False,False,False,False,False,True,False,False,False,False,False,2016,1001
2016-03-29,31481,14.373479770867087,49.7,63.0,43.0,21.8,0.32,3,False,False,False,False,True,False,False,False,False,False,True,False,False,False,False,False,True,False,False,False,False,False,True,False,False,False,False,False,True,False,2016,1002
2016-03-30,33684,16.178734216047186,45.4,53.1,39.0,10.7,0.0,3,False,False,False,False,False,True,False,False,False,False,False,True,False,False,False,False,False,True,False,False,False,False,False,True,False,False,False,False,False,True,2016,1003
2016-03-31,38348,18.082657939570947,57.2,70.0,39.0,11.1,0.0,3,False,False,False,True,False,False,False,False,False,True,False,False,False,False,False,True,False,False,False,False,False,True,False,False,False,False,False,True,False,False,2016,1004
2016-04-01,34449,17.70399285900897,62.6,79.0,48.9,9.1,0.0,4,False,False,False,False,False,False,False,False,False,False,False,False,False,False,False,False,False,False,False,False,False,False,False,False,False,False,False,False,False,False,2016,1005
2016-04-02,21839,18.66131919959706,56.3,79.0,48.9,6.9,0.01,4,False,True,False,False,False,False,False,True,False,False,False,False,False,True,False,False,False,False,False,True,False,False,False,False,False,True,False,False,False,False,2016,1006
2016-04-03,15322,18.475351346647525,42.3,61.0,35.1,19.7,0.24,4,False,False,True,False,False,False,False,False,True,False,False,False,False,False,True,False,False,False,False,False,True,False,False,False,False,False,True,False,False,False,2016,1007
2016-04-04,12302,11.236617352192052,39.7,50.0,35.1,9.4,0.11,4,True,False,False,False,False,False,True,False,False,False,False,False,True,False,False,False,False,False,True,False,False,False,False,False,True,False,False,False,False,False,2016,1008
2016-04-05,26238,15.076870061234349,33.3,45.0,27.0,13.3,0.5,4,False,False,False,False,True,False,False,False,False,False,True,False,False,False,False,False,True,False,False,False,False,False,True,False,False,False,False,False,True,False,2016,1009
2016-04-06,29365,15.281174300471084,39.0,48.0,27.0,9.9,0.0,4,False,False,False,False,False,True,False,False,False,False,False,True,False,False,False,False,False,True,False,False,False,False,False,True,False,False,False,False,False,True,2016,1010
2016-04-07,30402,13.857027498190906,52.0,60.1,32.0,12.8,0.0,4,False,False,False,True,False,False,False,False,False,True,False,False,False,False,False,True,False,False,False,False,False,True,False,False,False,False,False,True,False,False,2016,1011
2016-04-08,30817,16.405474792052008,48.9,60.1,44.1,13.7,0.15,4,False,False,False,False,False,False,False,False,False,False,False,False,False,False,False,False,False,False,False,False,False,False,False,False,False,False,False,False,False,False,2016,1012
2016-04-09,12702,20.65668267464441,41.1,46.9,37.4,8.1,0.0,4,False,True,False,False,False,False,False,True,False,False,False,False,False,True,False,False,False,False,False,True,False,False,False,False,False,True,False,False,False,False,2016,1013
2016-04-10,23229,20.43258713963867,40.5,50.0,33.1,11.5,0.07,4,False,False,True,False,False,False,False,False,True,False,False,False,False,False,True,False,False,False,False,False,True,False,False,False,False,False,True,False,False,False,2016,1014
2016-04-11,32048,14.772181311366284,50.2,61.0,33.1,11.7,0.0,4,True,False,False,False,False,False,True,False,False,False,False,False,True,False,False,False,False,False,True,False,False,False,False,False,True,False,False,False,False,False,2016,1015
2016-04-12,23765,13.98445332772284,53.2,61.0,44.1,10.9,0.04,4,False,False,False,False,True,False,False,False,False,False,True,False,False,False,False,False,True,False,False,False,False,False,True,False,False,False,False,False,True,False,2016,1016
2016-04-13,37539,15.0875236420789,48.4,57.9,42.1,8.8,0.19,4,False,False,False,False,False,True,False,False,False,False,False,True,False,False,False,False,False,True,False,False,False,False,False,True,False,False,False,False,False,True,2016,1017
2016-04-14,38505,16.651420594727956,49.9,61.0,42.1,6.5,0.0,4,False,False,False,True,False,False,False,False,False,True,False,False,False,False,False,True,False,False,False,False,False,True,False,False,False,False,False,True,False,False,2016,1018
2016-04-15,39676,15.26766937191249,50.8,63.0,43.0,5.2,0.0,4,False,False,False,False,False,False,False,False,False,False,False,False,False,False,False,False,False,False,False,False,False,False,False,False,False,False,False,False,False,False,2016,1019
2016-04-16,36148,21.12567500276641,52.6,64.9,44.1,6.7,0.0,4,False,True,False,False,False,False,False,True,False,False,False,False,False,True,False,False,False,False,False,True,False,False,False,False,False,True,False,False,False,False,2016,1020
2016-04-17,38843,24.615982287670874,55.8,73.9,45.0,4.5,0.0,4,False,False,True,False,False,False,False,False,True,False,False,False,False,False,True,False,False,False,False,False,True,False,False,False,False,False,True,False,False,False,2016,1021
2016-04-18,43994,17.210900350047726,62.5,80.1,48.0,4.4,0.0,4,True,False,False,False,False,False,True,False,False,False,False,False,True,False,False,False,False,False,True,False,False,False,False,False,True,False,False,False,False,False,2016,1022
2016-04-19,46075,15.246389943931998,65.5,80.1,48.9,8.6,0.0,4,False,False,False,False,True,False,False,False,False,False,True,False,False,False,False,False,True,False,False,False,False,False,True,False,False,False,False,False,True,False,2016,1023
2016-04-20,44547,17.056459095636814,58.8,69.1,51.1,10.7,0.0,4,False,False,False,False,False,True,False,False,False,False,False,True,False,False,False,False,False,True,False,False,False,False,False,True,False,False,False,False,False,True,2016,1024
2016-04-21,45570,15.988536317752905,58.8,70.0,50.0,8.2,0.0,4,False,False,False,True,False,False,False,False,False,True,False,False,False,False,False,True,False,False,False,False,False,True,False,False,False,False,False,True,False,False,2016,1025
2016-04-22,48815,19.96650756256616,70.0,78.1,50.0,7.1,0.0,4,False,False,False,False,False,False,False,False,False,False,False,False,False,False,False,False,False,False,False,False,False,False,False,False,False,False,False,False,False,False,2016,1026
2016-04-23,33647,23.98327191131453,66.5,78.1,61.0,8.7,0.14,4,False,True,False,False,False,False,False,True,False,False,False,False,False,True,False,False,False,False,False,True,False,False,False,False,False,True,False,False,False,False,2016,1027
2016-04-24,37866,23.70385570168489,56.5,69.1,48.0,9.7,0.0,4,False,False,True,False,False,False,False,False,True,False,False,False,False,False,True,False,False,False,False,False,True,False,False,False,False,False,True,False,False,False,2016,1028
2016-04-25,42308,17.7295645425609,56.6,68.0,48.0,6.5,0.0,4,True,False,False,False,False,False,True,False,False,False,False,False,True,False,False,False,False,False,True,False,False,False,False,False,True,False,False,False,False,False,2016,1029
2016-04-26,34643,16.306175850821237,54.4,68.0,50.0,9.4,0.19,4,False,False,False,False,True,False,False,False,False,False,True,False,False,False,False,False,True,False,False,False,False,False,True,False,False,False,False,False,True,False,2016,1030
2016-04-27,41931,17.22067404386572,51.1,57.9,46.4,7.9,0.11,4,False,False,False,False,False,True,False,False,False,False,False,True,False,False,False,False,False,True,False,False,False,False,False,True,False,False,False,False,False,True,2016,1031
2016-04-28,37428,15.516839442841366,53.3,60.1,46.9,8.3,0.0,4,False,False,False,True,False,False,False,False,False,True,False,False,False,False,False,True,False,False,False,False,False,True,False,False,False,False,False,True,False,False,2016,1032
2016-04-29,34878,18.542412600110872,52.0,59.0,48.0,7.8,0.0,4,False,False,False,False,False,False,False,False,False,False,False,False,False,False,False,False,False,False,False,False,False,False,False,False,False,False,False,False,False,False,2016,1033
2016-04-30,38258,25.18861109658982,52.8,63.0,46.9,6.2,0.02,4,False,True,False,False,False,False,False,True,False,False,False,False,False,True,False,False,False,False,False,True,False,False,False,False,False,True,False,False,False,False,2016,1034
2016-05-01,10697,14.554683556137228,50.1,63.0,46.9,7.3,0.0,5,False,False,True,False,False,False,False,False,True,False,False,False,False,False,True,False,False,False,False,False,True,False,False,False,False,False,True,False,False,False,2016,1035
2016-05-02,38537,17.375605694959813,50.6,61.0,44.6,6.1,0.15,5,True,False,False,False,False,False,True,False,False,False,False,False,True,False,False,False,False,False,True,False,False,False,False,False,True,False,False,False,False,False,2016,1036
2016-05-03,22858,16.129716073147254,54.5,62.1,45.0,7.3,0.73,5,False,False,False,False,True,False,False,False,False,False,True,False,False,False,False,False,True,False,False,False,False,False,True,False,False,False,False,False,True,False,2016,1037
2016-05-04,31619,13.670899880873316,51.3,55.0,48.9,9.0,0.07,5,False,False,False,False,False,True,False,False,False,False,False,True,False,False,False,False,False,True,False,False,False,False,False,True,False,False,False,False,False,True,2016,1038
2016-05-05,39903,15.952207018686982,51.8,57.9,46.9,11.6,0.02,5,False,False,False,True,False,False,False,False,False,True,False,False,False,False,False,True,False,False,False,False,False,True,False,False,False,False,False,True,False,False,2016,1039
2016-05-06,18860,14.94222781901732,52.2,57.9,46.9,13.0,0.38,5,False,False,False,False,False,False,False,False,False,False,False,False,False,False,False,False,False,False,False,False,False,False,False,False,False,False,False,False,False,False,2016,1040
2016-05-07,31078,20.77149055065748,52.3,57.2,48.2,8.7,0.18,5,False,True,False,False,False,False,False,True,False,False,False,False,False,True,False,False,False,False,False,True,False,False,False,False,False,True,False,False,False,False,2016,1041
2016-05-08,31197,21.021818337233277,55.4,64.9,48.9,9.8,0.07,5,False,False,True,False,False,False,False,False,True,False,False,False,False,False,True,False,False,False,False,False,True,False,False,False,False,False,True,False,False,False,2016,1042
2016-05-09,45724,17.34708942058145,62.9,73.9,48.9,9.9,0.08,5,True,False,False,False,False,False,True,False,False,False,False,False,True,False,False,False,False,False,True,False,False,False,False,False,True,False,False,False,False,False,2016,1043
2016-05-10,44849,15.381039339413,59.1,73.9,51.1,7.6,0.0,5,False,False,False,False,True,False,False,False,False,False,True,False,False,False,False,False,True,False,False,False,False,False,True,False,False,False,False,False,True,False,2016,1044
2016-05-11,51181,16.62300365369962,63.0,73.9,51.1,5.4,0.0,5,False,False,False,False,False,True,False,False,False,False,False,True,False,False,False,False,False,True,False,False,False,False,False,True,False,False,False,False,False,True,2016,1045
2016-05-12,52273,16.9415246239295,66.2,78.1,53.1,5.7,0.0,5,False,False,False,True,False,False,False,False,False,True,False,False,False,False,False,True,False,False,False,False,False,True,False,False,False,False,False,True,False,False,2016,1046
2016-05-13,32391,16.224954462659376,61.6,78.1,55.9,5.7,0.0,5,False,False,False,False,False,False,False,False,False,False,False,False,False,False,False,False,False,False,False,False,False,False,False,False,False,False,False,False,False,False,2016,1047
2016-05-14,42063,23.048131770598083,66.2,73.0,57.9,6.8,0.25,5,False,True,False,False,False,False,False,True,False,False,False,False,False,True,False,False,False,False,False,True,False,False,False,False,False,True,False,False,False,False,2016,1048
2016-05-15,28661,20.68522266029331,56.0,73.0,48.0,15.4,0.0,5,False,False,True,False,False,False,False,False,True,False,False,False,False,False,True,False,False,False,False,False,True,False,False,False,False,False,True,False,False,False,2016,1049
2016-05-16,42787,17.327288272917777,52.8,68.0,44.1,16.9,0.0,5,True,False,False,False,False,False,True,False,False,False,False,False,True,False,False,False,False,False,True,False,False,False,False,False,True,False,False,False,False,False,2016,1050
2016-05-17,43396,15.650359480136416,62.3,68.0,44.1,9.2,0.0,5,False,False,False,False,True,False,False,False,False,False,True,False,False,False,False,False,True,False,False,False,False,False,True,False,False,False,False,False,True,False,2016,1051
2016-05-18,44803,16.130900088535732,59.3,69.1,55.0,7.2,0.0,5,False,False,False,False,False,True,False,False,False,False,False,True,False,False,False,False,False,True,False,False,False,False,False,True,False,False,False,False,False,True,2016,1052
2016-05-19,49182,16.149817006221788,60.9,71.1,55.0,5.3,0.0,5,False,False,False,True,False,False,False,False,False,True,False,False,False,False,False,True,False,False,False,False,False,True,False,False,False,False,False,True,False,False,2016,1053
2016-05-20,52543,18.398681397458585,64.4,78.1,55.9,5.7,0.0,5,False,False,False,False,False,False,False,False,False,False,False,False,False,False,False,False,False,False,False,False,False,False,False,False,False,False,False,False,False,False,2016,1054
2016-05-21,30519,19.704298961302797,62.4,78.1,57.0,6.3,0.0,5,False,True,False,False,False,False,False,True,False,False,False,False,False,True,False,False,False,False,False,True,False,False,False,False,False,True,False,False,False,False,2016,1055
2016-05-22,37802,19.75768036964535,60.7,71.1,54.0,6.5,0.18,5,False,False,True,False,False,False,False,False,True,False,False,False,False,False,True,False,False,False,False,False,True,False,False,False,False,False,True,False,False,False,2016,1056
2016-05-23,48578,15.865359147487892,65.0,77.0,54.0,6.0,0.11,5,True,False,False,False,False,False,True,False,False,False,False,False,True,False,False,False,False,False,True,False,False,False,False,False,True,False,False,False,False,False,2016,1057
2016-05-24,34796,14.567491474115805,65.6,77.0,55.9,5.3,0.26,5,False,False,False,False,True,False,False,False,False,False,True,False,False,False,False,False,True,False,False,False,False,False,True,False,False,False,False,False,True,False,2016,1058
2016-05-25,53439,16.455156034606432,74.4,90.0,60.1,3.9,0.02,5,False,False,False,False,False,True,False,False,False,False,False,True,False,False,False,False,False,True,False,False,False,False,False,True,False,False,False,False,False,True,2016,1059
2016-05-26,52133,15.946899916239875,82.2,91.9,60.1,7.2,0.0,5,False,False,False,True,False,False,False,False,False,True,False,False,False,False,False,True,False,False,False,False,False,True,False,False,False,False,False,True,False,False,2016,1060
2016-05-27,46937,17.44364005652967,76.6,91.9,55.0,7.2,0.0,5,False,False,False,False,False,False,False,False,False,False,False,False,False,False,False,False,False,False,False,False,False,False,False,False,False,False,False,False,False,False,2016,1061
2016-05-28,34222,21.96118432587224,79.9,91.9,66.9,8.4,0.0,5,False,True,False,False,False,False,False,True,False,False,False,False,False,True,False,False,False,False,False,True,False,False,False,False,False,True,False,False,False,False,2016,1062
2016-05-29,36877,24.451472462510512,80.0,91.9,73.0,9.1,0.0,5,False,False,True,False,False,False,False,False,True,False,False,False,False,False,True,False,False,False,False,False,True,False,False,False,False,False,True,False,False,False,2016,1063
2016-05-30,32619,19.59295758095997,73.5,87.1,69.1,6.6,1.53,5,True,False,False,False,False,False,True,False,False,False,False,False,True,False,False,False,False,False,True,False,False,False,False,False,True,False,False,False,False,False,2016,1064
2016-05-31,49756,15.286392595867833,76.7,86.0,69.1,7.5,0.0,5,False,False,False,False,True,False,False,False,False,False,True,False,False,False,False,False,True,False,False,False,False,False,True,False,False,False,False,False,True,False,2016,1065
2016-06-01,54665,18.26995914509589,76.0,84.0,68.0,6.7,0.0,6,False,False,False,False,False,True,False,False,False,False,False,True,False,False,False,False,False,True,False,False,False,False,False,True,False,False,False,False,False,True,2016,1066
2016-06-02,54401,16.113568990766097,68.9,82.9,62.1,9.2,0.0,6,False,False,False,True,False,False,False,False,False,True,False,False,False,False,False,True,False,False,False,False,False,True,False,False,False,False,False,True,False,False,2016,1067
2016-06-03,38975,15.665131922172328,66.3,73.9,62.1,6.3,0.0,6,False,False,False,False,False,False,False,False,False,False,False,False,False,False,False,False,False,False,False,False,False,False,False,False,False,False,False,False,False,False,2016,1068
2016-06-04,40977,21.64089977304341,72.8,82.9,63.0,5.5,0.02,6,False,True,False,False,False,False,False,True,False,False,False,False,False,True,False,False,False,False,False,True,False,False,False,False,False,True,False,False,False,False,2016,1069
2016-06-05,22397,17.38387432840708,69.3,82.9,66.0,7.5,0.27,6,False,False,True,False,False,False,False,False,True,False,False,False,False,False,True,False,False,False,False,False,True,False,False,False,False,False,True,False,False,False,2016,1070
2016-06-06,52149,16.09147187226345,75.1,87.1,66.9,9.1,0.67,6,True,False,False,False,False,False,True,False,False,False,False,False,True,False,False,False,False,False,True,False,False,False,False,False,True,False,False,False,False,False,2016,1071
2016-06-07,51812,15.050389549396533,79.3,87.1,68.0,9.1,0.0,6,False,False,False,False,True,False,False,False,False,False,True,False,False,False,False,False,True,False,False,False,False,False,True,False,False,False,False,False,True,False,2016,1072
2016-06-08,42250,13.55235818540434,64.9,87.1,55.0,13.0,0.01,6,False,False,False,False,False,True,False,False,False,False,False,True,False,False,False,False,False,True,False,False,False,False,False,True,False,False,False,False,False,True,2016,1073
2016-06-09,52905,15.755235800018902,63.6,73.9,55.0,17.1,0.44,6,False,False,False,True,False,False,False,False,False,True,False,False,False,False,False,True,False,False,False,False,False,True,False,False,False,False,False,True,False,False,2016,1074
2016-06-10,53299,16.033148214162864,67.9,78.1,55.9,12.0,0.0,6,False,False,False,False,False,False,False,False,False,False,False,False,False,False,False,False,False,False,False,False,False,False,False,False,False,False,False,False,False,False,2016,1075
2016-06-11,41030,18.50436956698351,74.6,90.0,59.0,7.0,0.0,6,False,True,False,False,False,False,False,True,False,False,False,False,False,True,False,False,False,False,False,True,False,False,False,False,False,True,False,False,False,False,2016,1076
2016-06-12,40637,19.7286159575428,80.2,90.0,64.0,14.0,0.1,6,False,False,True,False,False,False,False,False,True,False,False,False,False,False,True,False,False,False,False,False,True,False,False,False,False,False,True,False,False,False,2016,1077
2016-06-13,49069,15.067314054358832,66.0,86.0,59.0,16.9,0.0,6,True,False,False,False,False,False,True,False,False,False,False,False,True,False,False,False,False,False,True,False,False,False,False,False,True,False,False,False,False,False,2016,1078
2016-06-14,54813,15.48483388977067,69.0,81.0,59.0,11.2,0.0,6,False,False,False,False,True,False,False,False,False,False,True,False,False,False,False,False,True,False,False,False,False,False,True,False,False,False,False,False,True,False,2016,1079
2016-06-15,55049,15.635799620943764,75.3,87.1,60.1,6.2,0.0,6,False,False,False,False,False,True,False,False,False,False,False,True,False,False,False,False,False,True,False,False,False,False,False,True,False,False,False,False,False,True,2016,1080
2016-06-16,46198,14.328816904050685,73.3,87.1,66.0,4.4,0.12,6,False,False,False,True,False,False,False,False,False,True,False,False,False,False,False,True,False,False,False,False,False,True,False,False,False,False,False,True,False,False,2016,1081
2016-06-17,54236,16.921548418024933,71.2,77.0,66.0,6.4,0.0,6,False,False,False,False,False,False,False,False,False,False,False,False,False,False,False,False,False,False,False,False,False,False,False,False,False,False,False,False,False,False,2016,1082
2016-06-18,48901,20.863376345405342,73.0,86.0,63.0,5.3,0.0,6,False,True,False,False,False,False,False,True,False,False,False,False,False,True,False,False,False,False,False,True,False,False,False,False,False,True,False,False,False,False,2016,1083
2016-06-19,45270,21.22478757087108,75.1,86.0,63.0,7.5,0.0,6,False,False,True,False,False,False,False,False,True,False,False,False,False,False,True,False,False,False,False,False,True,False,False,False,False,False,True,False,False,False,2016,1084
2016-06-20,52247,15.858149431227313,73.4,84.0,66.0,6.9,0.0,6,True,False,False,False,False,False,True,False,False,False,False,False,True,False,False,False,False,False,True,False,False,False,False,False,True,False,False,False,False,False,2016,1085
2016-06-21,53564,14.265951323027906,80.8,89.1,66.0,10.0,0.0,6,False,False,False,False,True,False,False,False,False,False,True,False,False,False,False,False,True,False,False,False,False,False,True,False,False,False,False,False,True,False,2016,1086
2016-06-22,55749,15.746382894760446,77.9,89.1,66.9,8.8,0.0,6,False,False,False,False,False,True,False,False,False,False,False,True,False,False,False,False,False,True,False,False,False,False,False,True,False,False,False,False,False,True,2016,1087
2016-06-23,53206,14.59984274956458,74.3,86.0,66.9,6.8,0.0,6,False,False,False,True,False,False,False,False,False,True,False,False,False,False,False,True,False,False,False,False,False,True,False,False,False,False,False,True,False,False,2016,1088
2016-06-24,54186,15.930940648876092,74.7,84.9,68.0,8.7,0.0,6,False,False,False,False,False,False,False,False,False,False,False,False,False,False,False,False,False,False,False,False,False,False,False,False,False,False,False,False,False,False,2016,1089
2016-06-25,43000,20.47097286821706,73.3,84.9,64.9,8.0,0.0,6,False,True,False,False,False,False,False,True,False,False,False,False,False,True,False,False,False,False,False,True,False,False,False,False,False,True,False,False,False,False,2016,1090
2016-06-26,42992,19.89419155501799,75.8,86.0,64.9,7.5,0.0,6,False,False,True,False,False,False,False,False,True,False,False,False,False,False,True,False,False,False,False,False,True,False,False,False,False,False,True,False,False,False,2016,1091
2016-06-27,47023,14.955021656069013,75.7,86.0,69.1,9.9,0.0,6,True,False,False,False,False,False,True,False,False,False,False,False,True,False,False,False,False,False,True,False,False,False,False,False,True,False,False,False,False,False,2016,1092
2016-06-28,49593,14.70521310131134,72.6,84.0,69.1,9.3,0.54,6,False,False,False,False,True,False,False,False,False,False,True,False,False,False,False,False,True,False,False,False,False,False,True,False,False,False,False,False,True,False,2016,1093
2016-06-29,54882,14.842684304507848,75.7,87.1,70.0,5.5,0.07,6,False,False,False,False,False,True,False,False,False,False,False,True,False,False,False,False,False,True,False,False,False,False,False,True,False,False,False,False,False,True,2016,1094
2016-06-30,54843,14.294404026037965,77.6,87.1,70.0,6.9,0.0,6,False,False,False,True,False,False,False,False,False,True,False,False,False,False,False,True,False,False,False,False,False,True,False,False,False,False,False,True,False,False,2016,1095
2016-07-01,39669,17.03590839194333,76.9,87.1,70.0,8.4,0.0,7,False,False,False,False,False,False,False,False,False,False,False,False,False,False,False,False,False,False,False,False,False,False,False,False,False,False,False,False,False,False,2016,1096
2016-07-02,35837,20.688649533536104,72.9,81.0,68.0,11.5,0.28,7,False,True,False,False,False,False,False,True,False,False,False,False,False,True,False,False,False,False,False,True,False,False,False,False,False,True,False,False,False,False,2016,1097
2016-07-03,35348,23.127338180377954,75.4,82.0,68.0,7.3,0.0,7,False,False,True,False,False,False,False,False,True,False,False,False,False,False,True,False,False,False,False,False,True,False,False,False,False,False,True,False,False,False,2016,1098
2016-07-04,34860,20.66826974564928,76.7,86.0,69.1,7.8,0.0,7,True,False,False,False,False,False,True,False,False,False,False,False,True,False,False,False,False,False,True,False,False,False,False,False,True,False,False,False,False,False,2016,1099
2016-07-05,43744,14.842111299073393,76.0,89.1,69.1,6.3,1.08,7,False,False,False,False,True,False,False,False,False,False,True,False,False,False,False,False,True,False,False,False,False,False,True,False,False,False,False,False,True,False,2016,1100
2016-07-06,51353,14.844884102843714,85.8,96.1,69.1,5.3,0.57,7,False,False,False,False,False,True,False,False,False,False,False,True,False,False,False,False,False,True,False,False,False,False,False,True,False,False,False,False,False,True,2016,1101
2016-07-07,48742,14.107261704484838,85.1,96.1,77.0,7.3,0.0,7,False,False,False,True,False,False,False,False,False,True,False,False,False,False,False,True,False,False,False,False,False,True,False,False,False,False,False,True,False,False,2016,1102
2016-07-08,44419,16.502004772732388,78.8,93.0,73.9,6.5,0.02,7,False,False,False,False,False,False,False,False,False,False,False,False,False,False,False,False,False,False,False,False,False,False,False,False,False,False,False,False,False,False,2016,1103
2016-07-09,38142,17.58379695174173,70.3,86.0,66.0,9.0,0.01,7,False,True,False,False,False,False,False,True,False,False,False,False,False,True,False,False,False,False,False,True,False,False,False,False,False,True,False,False,False,False,2016,1104
2016-07-10,41991,20.96528779976661,73.0,81.0,66.9,7.0,0.41,7,False,False,True,False,False,False,False,False,True,False,False,False,False,False,True,False,False,False,False,False,True,False,False,False,False,False,True,False,False,False,2016,1105
2016-07-11,52870,15.011559170291909,74.5,82.0,68.5,8.7,0.0,7,True,False,False,False,False,False,True,False,False,False,False,False,True,False,False,False,False,False,True,False,False,False,False,False,True,False,False,False,False,False,2016,1106
2016-07-12,56537,16.041030062908657,76.6,84.0,69.1,8.1,0.0,7,False,False,False,False,True,False,False,False,False,False,True,False,False,False,False,False,True,False,False,False,False,False,True,False,False,False,False,False,True,False,2016,1107
2016-07-13,55486,16.676759302646918,78.1,86.0,71.1,8.8,0.0,7,False,False,False,False,False,True,False,False,False,False,False,True,False,False,False,False,False,True,False,False,False,False,False,True,False,False,False,False,False,True,2016,1108
2016-07-14,50350,15.634059582919564,80.4,91.0,73.0,7.8,0.0,7,False,False,False,True,False,False,False,False,False,True,False,False,False,False,False,True,False,False,False,False,False,True,False,False,False,False,False,True,False,False,2016,1109
2016-07-15,48572,15.101955173076398,86.6,91.9,75.0,6.4,0.5,7,False,False,False,False,False,False,False,False,False,False,False,False,False,False,False,False,False,False,False,False,False,False,False,False,False,False,False,False,False,False,2016,1110
2016-07-16,38406,18.126586991615905,84.1,91.9,77.0,8.0,0.0,7,False,True,False,False,False,False,False,True,False,False,False,False,False,True,False,False,False,False,False,True,False,False,False,False,False,True,False,False,False,False,2016,1111
2016-07-17,41347,20.469013068259688,83.1,93.0,77.0,5.1,0.0,7,False,False,True,False,False,False,False,False,True,False,False,False,False,False,True,False,False,False,False,False,True,False,False,False,False,False,True,False,False,False,2016,1112
2016-07-18,43687,15.44320469094544,86.3,97.0,77.0,8.5,0.0,7,True,False,False,False,False,False,True,False,False,False,False,False,True,False,False,False,False,False,True,False,False,False,False,False,True,False,False,False,False,False,2016,1113
2016-07-19,54593,15.406976474395371,80.2,97.0,75.9,10.9,0.12,7,False,False,False,False,True,False,False,False,False,False,True,False,False,False,False,False,True,False,False,False,False,False,True,False,False,False,False,False,True,False,2016,1114
2016-07-20,57225,15.270819571865443,77.9,88.0,71.1,7.2,0.0,7,False,False,False,False,False,True,False,False,False,False,False,True,False,False,False,False,False,True,False,False,False,False,False,True,False,False,False,False,False,True,2016,1115
2016-07-21,54842,15.428570560276189,80.9,91.0,71.1,8.3,0.0,7,False,False,False,True,False,False,False,False,False,True,False,False,False,False,False,True,False,False,False,False,False,True,False,False,False,False,False,True,False,False,2016,1116
2016-07-22,49191,15.723654394774108,85.1,98.1,75.0,11.3,0.0,7,False,False,False,False,False,False,False,False,False,False,False,False,False,False,False,False,False,False,False,False,False,False,False,False,False,False,False,False,False,False,2016,1117
2016-07-23,37523,18.093327647931485,89.5,99.0,75.9,11.0,0.0,7,False,True,False,False,False,False,False,True,False,False,False,False,False,True,False,False,False,False,False,True,False,False,False,False,False,True,False,False,False,False,2016,1118
2016-07-24,39637,21.14364734969852,85.2,99.0,75.9,7.0,0.0,7,False,False,True,False,False,False,False,False,True,False,False,False,False,False,True,False,False,False,False,False,True,False,False,False,False,False,True,False,False,False,2016,1119
2016-07-25,35379,14.396699077607249,84.3,93.9,75.9,8.2,0.02,7,True,False,False,False,False,False,True,False,False,False,False,False,True,False,False,False,False,False,True,False,False,False,False,False,True,False,False,False,False,False,2016,1120
2016-07-26,52912,15.439079666868253,81.7,93.9,75.0,8.3,0.77,7,False,False,False,False,True,False,False,False,False,False,True,False,False,False,False,False,True,False,False,False,False,False,True,False,False,False,False,False,True,False,2016,1121
2016-07-27,54163,15.903475004461836,84.5,93.9,75.0,6.6,0.0,7,False,False,False,False,False,True,False,False,False,False,False,True,False,False,False,False,False,True,False,False,False,False,False,True,False,False,False,False,False,True,2016,1122
2016-07-28,50151,14.930211428153642,84.7,93.9,77.0,6.1,0.0,7,False,False,False,True,False,False,False,False,False,True,False,False,False,False,False,True,False,False,False,False,False,True,False,False,False,False,False,True,False,False,2016,1123
2016-07-29,37703,15.571842205306387,78.1,93.9,71.1,8.3,0.89,7,False,False,False,False,False,False,False,False,False,False,False,False,False,False,False,False,False,False,False,False,False,False,False,False,False,False,False,False,False,False,2016,1124
2016-07-30,27780,17.541447684185265,78.4,84.9,71.1,7.2,0.13,7,False,True,False,False,False,False,False,True,False,False,False,False,False,True,False,False,False,False,False,True,False,False,False,False,False,True,False,False,False,False,2016,1125
2016-07-31,27651,16.08520547780068,77.7,84.0,75.0,8.1,0.18,7,False,False,True,False,False,False,False,False,True,False,False,False,False,False,True,False,False,False,False,False,True,False,False,False,False,False,True,False,False,False,2016,1126
2016-08-01,49401,15.414388710080097,74.2,82.9,71.1,10.4,0.57,8,True,False,False,False,False,False,True,False,False,False,False,False,True,False,False,False,False,False,True,False,False,False,False,False,True,False,False,False,False,False,2016,1127
2016-08-02,56764,14.986372231226364,74.2,80.1,71.1,10.5,0.0,8,False,False,False,False,True,False,False,False,False,False,True,False,False,False,False,False,True,False,False,False,False,False,True,False,False,False,False,False,True,False,2016,1128
2016-08-03,57003,15.262554017624804,74.2,81.0,68.0,7.5,0.0,8,False,False,False,False,False,True,False,False,False,False,False,True,False,False,False,False,False,True,False,False,False,False,False,True,False,False,False,False,False,True,2016,1129
2016-08-04,56604,16.344651143617646,75.6,84.0,68.0,5.9,0.0,8,False,False,False,True,False,False,False,False,False,True,False,False,False,False,False,True,False,False,False,False,False,True,False,False,False,False,False,True,False,False,2016,1130
2016-08-05,53297,16.137032103120255,77.4,86.0,70.0,8.1,0.0,8,False,False,False,False,False,False,False,False,False,False,False,False,False,False,False,False,False,False,False,False,False,False,False,False,False,False,False,False,False,False,2016,1131
2016-08-06,44213,19.8168027503223,80.8,91.0,72.0,8.8,0.0,8,False,True,False,False,False,False,False,True,False,False,False,False,False,True,False,False,False,False,False,True,False,False,False,False,False,True,False,False,False,False,2016,1132
2016-08-07,43631,19.05328894593293,81.5,91.0,73.9,9.2,0.0,8,False,False,True,False,False,False,False,False,True,False,False,False,False,False,True,False,False,False,False,False,True,False,False,False,False,False,True,False,False,False,2016,1133
2016-08-08,52262,15.647659229778167,80.8,89.1,73.9,7.1,0.0,8,True,False,False,False,False,False,True,False,False,False,False,False,True,False,False,False,False,False,True,False,False,False,False,False,True,False,False,False,False,False,2016,1134
2016-08-09,56112,14.844586125368306,80.8,89.1,75.0,6.5,0.0,8,False,False,False,False,True,False,False,False,False,False,True,False,False,False,False,False,True,False,False,False,False,False,True,False,False,False,False,False,True,False,2016,1135
2016-08-10,50114,14.844030942783789,81.5,89.1,75.0,9.3,0.01,8,False,False,False,False,False,True,False,False,False,False,False,True,False,False,False,False,False,True,False,False,False,False,False,True,False,False,False,False,False,True,2016,1136
2016-08-11,47430,14.217371565113504,86.8,97.0,75.9,7.2,0.05,8,False,False,False,True,False,False,False,False,False,True,False,False,False,False,False,True,False,False,False,False,False,True,False,False,False,False,False,True,False,False,2016,1137
2016-08-12,44750,16.519986964618248,86.5,98.1,75.9,7.9,0.56,8,False,False,False,False,False,False,False,False,False,False,False,False,False,False,False,False,False,False,False,False,False,False,False,False,False,False,False,False,False,False,2016,1138
2016-08-13,38912,18.487508566337716,89.2,98.1,75.9,7.0,0.07,8,False,True,False,False,False,False,False,True,False,False,False,False,False,True,False,False,False,False,False,True,False,False,False,False,False,True,False,False,False,False,2016,1139
2016-08-14,32961,17.39538848942689,90.7,97.0,82.0,8.6,0.0,8,False,False,True,False,False,False,False,False,True,False,False,False,False,False,True,False,False,False,False,False,True,False,False,False,False,False,True,False,False,False,2016,1140
2016-08-15,49063,14.42039724435929,84.6,98.1,78.1,5.6,0.01,8,True,False,False,False,False,False,True,False,False,False,False,False,True,False,False,False,False,False,True,False,False,False,False,False,True,False,False,False,False,False,2016,1141
2016-08-16,50426,14.790182643874193,84.9,93.0,78.1,9.0,0.0,8,False,False,False,False,True,False,False,False,False,False,True,False,False,False,False,False,True,False,False,False,False,False,True,False,False,False,False,False,True,False,2016,1142
2016-08-17,53989,15.480586786197188,82.8,91.0,78.1,11.7,0.13,8,False,False,False,False,False,True,False,False,False,False,False,True,False,False,False,False,False,True,False,False,False,False,False,True,False,False,False,False,False,True,2016,1143
2016-08-18,53218,15.552684242173704,80.3,88.0,75.0,5.4,0.02,8,False,False,False,True,False,False,False,False,False,True,False,False,False,False,False,True,False,False,False,False,False,True,False,False,False,False,False,True,False,False,2016,1144
2016-08-19,51669,16.083249143587057,81.6,89.1,75.0,6.6,0.0,8,False,False,False,False,False,False,False,False,False,False,False,False,False,False,False,False,False,False,False,False,False,False,False,False,False,False,False,False,False,False,2016,1145
2016-08-20,45817,21.147449636597766,79.0,89.1,75.0,6.3,0.02,8,False,True,False,False,False,False,False,True,False,False,False,False,False,True,False,False,False,False,False,True,False,False,False,False,False,True,False,False,False,False,2016,1146
2016-08-21,35051,20.343998269188702,80.7,89.1,75.0,9.7,0.12,8,False,False,True,False,False,False,False,False,True,False,False,False,False,False,True,False,False,False,False,False,True,False,False,False,False,False,True,False,False,False,2016,1147
2016-08-22,54404,15.14502456927187,76.0,89.1,71.1,15.1,0.13,8,True,False,False,False,False,False,True,False,False,False,False,False,True,False,False,False,False,False,True,False,False,False,False,False,True,False,False,False,False,False,2016,1148
2016-08-23,58674,16.09048641647067,74.3,84.0,66.9,6.4,0.0,8,False,False,False,False,True,False,False,False,False,False,True,False,False,False,False,False,True,False,False,False,False,False,True,False,False,False,False,False,True,False,2016,1149
2016-08-24,58154,15.984386571287729,78.6,89.1,66.9,6.4,0.0,8,False,False,False,False,False,True,False,False,False,False,False,True,False,False,False,False,False,True,False,False,False,False,False,True,False,False,False,False,False,True,2016,1150
2016-08-25,53487,16.07905721639526,78.6,89.1,71.1,10.6,0.0,8,False,False,False,True,False,False,False,False,False,True,False,False,False,False,False,True,False,False,False,False,False,True,False,False,False,False,False,True,False,False,2016,1151
2016-08-26,52037,16.2612874813434,83.6,91.0,73.0,8.7,0.01,8,False,False,False,False,False,False,False,False,False,False,False,False,False,False,False,False,False,False,False,False,False,False,False,False,False,False,False,False,False,False,2016,1152
2016-08-27,45674,19.99636226299426,82.4,91.0,75.9,8.2,0.0,8,False,True,False,False,False,False,False,True,False,False,False,False,False,True,False,False,False,False,False,True,False,False,False,False,False,True,False,False,False,False,2016,1153
2016-08-28,44639,19.585727353510013,80.7,89.1,73.9,6.3,0.0,8,False,False,True,False,False,False,False,False,True,False,False,False,False,False,True,False,False,False,False,False,True,False,False,False,False,False,True,False,False,False,2016,1154
2016-08-29,53288,15.807719686733725,82.1,91.0,73.9,8.6,0.0,8,True,False,False,False,False,False,True,False,False,False,False,False,True,False,False,False,False,False,True,False,False,False,False,False,True,False,False,False,False,False,2016,1155
2016-08-30,57405,15.320482246029671,79.0,91.0,72.0,9.0,0.0,8,False,False,False,False,True,False,False,False,False,False,True,False,False,False,False,False,True,False,False,False,False,False,True,False,False,False,False,False,True,False,2016,1156
2016-08-31,57214,14.513126157933367,80.5,90.0,72.0,7.5,0.0,8,False,False,False,False,False,True,False,False,False,False,False,True,False,False,False,False,False,True,False,False,False,False,False,True,False,False,False,False,False,True,2016,1157
2016-09-01,38187,13.335008423459993,76.9,90.0,73.0,5.6,0.03,9,False,False,False,True,False,False,False,False,False,True,False,False,False,False,False,True,False,False,False,False,False,True,False,False,False,False,False,True,False,False,2016,1158
2016-09-02,53007,16.30920821778256,75.0,82.9,68.0,9.2,0.31,9,False,False,False,False,False,False,False,False,False,False,False,False,False,False,False,False,False,False,False,False,False,False,False,False,False,False,False,False,False,False,2016,1159
2016-09-03,41630,19.121974137240773,73.5,82.9,68.0,10.8,0.0,9,False,True,False,False,False,False,False,True,False,False,False,False,False,True,False,False,False,False,False,True,False,False,False,False,False,True,False,False,False,False,2016,1160
2016-09-04,46023,21.00148874837944,72.1,81.0,66.0,9.5,0.0,9,False,False,True,False,False,False,False,False,True,False,False,False,False,False,True,False,False,False,False,False,True,False,False,False,False,False,True,False,False,False,2016,1161
2016-09-05,45436,19.36290166387885,73.8,84.0,66.0,10.8,0.0,9,True,False,False,False,False,False,True,False,False,False,False,False,True,False,False,False,False,False,True,False,False,False,False,False,True,False,False,False,False,False,2016,1162
2016-09-06,52447,14.600942221035837,77.8,84.0,66.9,15.2,0.0,9,False,False,False,False,True,False,False,False,False,False,True,False,False,False,False,False,True,False,False,False,False,False,True,False,False,False,False,False,True,False,2016,1163
2016-09-07,60500,15.659115977961433,77.2,86.0,71.6,11.2,0.01,9,False,False,False,False,False,True,False,False,False,False,False,True,False,False,False,False,False,True,False,False,False,False,False,True,False,False,False,False,False,True,2016,1164
2016-09-08,61596,14.537538963569064,79.0,88.0,72.0,6.0,0.0,9,False,False,False,True,False,False,False,False,False,True,False,False,False,False,False,True,False,False,False,False,False,True,False,False,False,False,False,True,False,False,2016,1165
2016-09-09,56813,14.743081982410128,86.5,93.0,73.0,7.5,0.0,9,False,False,False,False,False,False,False,False,False,False,False,False,False,False,False,False,False,False,False,False,False,False,False,False,False,False,False,False,False,False,2016,1166
2016-09-10,48455,17.357957555119874,82.2,93.0,75.9,7.1,0.05,9,False,True,False,False,False,False,False,True,False,False,False,False,False,True,False,False,False,False,False,True,False,False,False,False,False,True,False,False,False,False,2016,1167
2016-09-11,52245,19.226808626024827,80.6,91.0,75.9,11.5,0.0,9,False,False,True,False,False,False,False,False,True,False,False,False,False,False,True,False,False,False,False,False,True,False,False,False,False,False,True,False,False,False,2016,1168
2016-09-12,61103,16.013179112864073,71.3,84.0,64.0,8.2,0.0,9,True,False,False,False,False,False,True,False,False,False,False,False,True,False,False,False,False,False,True,False,False,False,False,False,True,False,False,False,False,False,2016,1169
2016-09-13,64839,15.12418169106042,73.2,82.0,64.0,7.7,0.0,9,False,False,False,False,True,False,False,False,False,False,True,False,False,False,False,False,True,False,False,False,False,False,True,False,False,False,False,False,True,False,2016,1170
2016-09-14,59203,14.4035823072029,78.0,91.9,68.0,8.5,0.0,9,False,False,False,False,False,True,False,False,False,False,False,True,False,False,False,False,False,True,False,False,False,False,False,True,False,False,False,False,False,True,2016,1171
2016-09-15,67331,15.071359403543685,70.4,91.9,63.0,10.3,0.37,9,False,False,False,True,False,False,False,False,False,True,False,False,False,False,False,True,False,False,False,False,False,True,False,False,False,False,False,True,False,False,2016,1172
2016-09-16,65275,15.404889825098936,68.5,75.0,63.0,6.4,0.0,9,False,False,False,False,False,False,False,False,False,False,False,False,False,False,False,False,False,False,False,False,False,False,False,False,False,False,False,False,False,False,2016,1173
2016-09-17,59200,19.254599662162168,69.2,78.1,64.0,6.3,0.0,9,False,True,False,False,False,False,False,True,False,False,False,False,False,True,False,False,False,False,False,True,False,False,False,False,False,True,False,False,False,False,2016,1174
2016-09-18,51686,17.322673128764723,76.3,84.9,64.0,8.8,0.0,9,False,False,True,False,False,False,False,False,True,False,False,False,False,False,True,False,False,False,False,False,True,False,False,False,False,False,True,False,False,False,2016,1175
2016-09-19,34217,13.569371949615688,75.2,84.9,72.0,5.9,0.31,9,True,False,False,False,False,False,True,False,False,False,False,False,True,False,False,False,False,False,True,False,False,False,False,False,True,False,False,False,False,False,2016,1176
2016-09-20,64891,14.961962881344617,75.4,84.0,71.1,5.1,0.47,9,False,False,False,False,True,False,False,False,False,False,True,False,False,False,False,False,True,False,False,False,False,False,True,False,False,False,False,False,True,False,2016,1177
2016-09-21,65463,14.889102240960543,77.6,84.9,71.1,4.0,0.0,9,False,False,False,False,False,True,False,False,False,False,False,True,False,False,False,False,False,True,False,False,False,False,False,True,False,False,False,False,False,True,2016,1178
2016-09-22,67810,14.72663569778302,76.8,86.0,70.0,5.8,0.0,9,False,False,False,True,False,False,False,False,False,True,False,False,False,False,False,True,False,False,False,False,False,True,False,False,False,False,False,True,False,False,2016,1179
2016-09-23,65517,15.43796724514248,77.2,89.1,69.1,4.3,0.0,9,False,False,False,False,False,False,False,False,False,False,False,False,False,False,False,False,False,False,False,False,False,False,False,False,False,False,False,False,False,False,2016,1180
2016-09-24,53259,17.905720785845272,68.5,89.1,59.0,9.5,0.44,9,False,True,False,False,False,False,False,True,False,False,False,False,False,True,False,False,False,False,False,True,False,False,False,False,False,True,False,False,False,False,2016,1181
2016-09-25,53568,18.010823626045408,64.2,72.0,57.9,6.8,0.2,9,False,False,True,False,False,False,False,False,True,False,False,False,False,False,True,False,False,False,False,False,True,False,False,False,False,False,True,False,False,False,2016,1182
2016-09-26,61386,14.31869264435974,65.6,73.0,57.0,7.2,0.0,9,True,False,False,False,False,False,True,False,False,False,False,False,True,False,False,False,False,False,True,False,False,False,False,False,True,False,False,False,False,False,2016,1183
2016-09-27,61346,14.143505960725502,70.5,75.9,57.0,8.4,0.15,9,False,False,False,False,True,False,False,False,False,False,True,False,False,False,False,False,True,False,False,False,False,False,True,False,False,False,False,False,True,False,2016,1184
2016-09-28,59464,13.58711657473429,67.6,75.9,62.1,10.8,0.0,9,False,False,False,False,False,True,False,False,False,False,False,True,False,False,False,False,False,True,False,False,False,False,False,True,False,False,False,False,False,True,2016,1185
2016-09-29,55578,12.945873966917365,63.2,71.1,60.1,18.2,0.0,9,False,False,False,True,False,False,False,False,False,True,False,False,False,False,False,True,False,False,False,False,False,True,False,False,False,False,False,True,False,False,2016,1186
2016-09-30,21381,11.513554869588264,62.1,66.9,60.1,21.8,0.0,9,False,False,False,False,False,False,False,False,False,False,False,False,False,False,False,False,False,False,False,False,False,False,False,False,False,False,False,False,False,False,2016,1187
2017-04-01,23849,18.60382825275693,42.2,48.0,39.0,17.2,1.78,4,False,True,False,False,False,False,False,True,False,False,False,False,False,True,False,False,False,False,False,True,False,False,False,False,False,True,False,False,False,False,2017,1370
2017-04-02,39780,23.51379671526731,50.6,63.0,39.0,9.7,0.01,4,False,False,True,False,False,False,False,False,True,False,False,False,False,False,True,False,False,False,False,False,True,False,False,False,False,False,True,False,False,False,2017,1371
2017-04-03,43485,18.119450768464237,56.4,63.0,43.0,7.0,0.0,4,True,False,False,False,False,False,True,False,False,False,False,False,True,False,False,False,False,False,True,False,False,False,False,False,True,False,False,False,False,False,2017,1372
2017-04-04,29991,16.87980949840507,50.1,63.0,45.0,11.3,1.6,4,False,False,False,False,True,False,False,False,False,False,True,False,False,False,False,False,True,False,False,False,False,False,True,False,False,False,False,False,True,False,2017,1373
2017-04-05,47636,19.63189429563075,51.7,63.0,45.0,5.4,0.03,4,False,False,False,False,False,True,False,False,False,False,False,True,False,False,False,False,False,True,False,False,False,False,False,True,False,False,False,False,False,True,2017,1374
2017-04-06,18020,16.070371809100997,46.0,53.1,42.8,12.1,0.02,4,False,False,False,True,False,False,False,False,False,True,False,False,False,False,False,True,False,False,False,False,False,True,False,False,False,False,False,True,False,False,2017,1375
2017-04-07,35779,12.251440789289807,50.1,54.0,43.0,13.2,0.83,4,False,False,False,False,False,False,False,False,False,False,False,False,False,False,False,False,False,False,False,False,False,False,False,False,False,False,False,False,False,False,2017,1376
2017-04-08,35936,19.26489499851588,47.4,57.9,42.1,16.0,0.0,4,False,True,False,False,False,False,False,True,False,False,False,False,False,True,False,False,False,False,False,True,False,False,False,False,False,True,False,False,False,False,2017,1377
2017-04-09,43896,23.29974523115242,54.4,68.0,42.1,8.8,0.0,4,False,False,True,False,False,False,False,False,True,False,False,False,False,False,True,False,False,False,False,False,True,False,False,False,False,False,True,False,False,False,2017,1378
2017-04-10,50424,21.01831006399069,61.3,73.0,46.0,7.6,0.0,4,True,False,False,False,False,False,True,False,False,False,False,False,True,False,False,False,False,False,True,False,False,False,False,False,True,False,False,False,False,False,2017,1379
2017-04-11,57310,23.409557959634736,67.4,78.1,52.0,7.9,0.0,4,False,False,False,False,True,False,False,False,False,False,True,False,False,False,False,False,True,False,False,False,False,False,True,False,False,False,False,False,True,False,2017,1380
2017-04-12,51188,14.593362376598682,63.9,78.1,54.0,4.3,0.0,4,False,False,False,False,False,True,False,False,False,False,False,True,False,False,False,False,False,True,False,False,False,False,False,True,False,False,False,False,False,True,2017,1381
2017-04-13,52915,15.51641154052096,58.5,77.0,50.0,9.8,0.03,4,False,False,False,True,False,False,False,False,False,True,False,False,False,False,False,True,False,False,False,False,False,True,False,False,False,False,False,True,False,False,2017,1382
2017-04-14,52232,19.17545821207944,57.2,66.0,50.0,7.1,0.0,4,False,False,False,False,False,False,False,False,False,False,False,False,False,False,False,False,False,False,False,False,False,False,False,False,False,False,False,False,False,False,2017,1383
2017-04-15,42531,19.46838306176672,57.2,66.0,50.0,8.4,0.0,4,False,True,False,False,False,False,False,True,False,False,False,False,False,True,False,False,False,False,False,True,False,False,False,False,False,True,False,False,False,False,2017,1384
2017-04-16,48140,30.83477426949175,70.8,88.0,52.0,9.5,0.0,4,False,False,True,False,False,False,False,False,True,False,False,False,False,False,True,False,False,False,False,False,True,False,False,False,False,False,True,False,False,False,2017,1385
2017-04-17,53247,15.313219524104642,70.9,88.0,60.1,12.2,0.0,4,True,False,False,False,False,False,True,False,False,False,False,False,True,False,False,False,False,False,True,False,False,False,False,False,True,False,False,False,False,False,2017,1386
2017-04-18,53809,14.697618737881522,59.2,73.0,51.1,10.2,0.0,4,False,False,False,False,True,False,False,False,False,False,True,False,False,False,False,False,True,False,False,False,False,False,True,False,False,False,False,False,True,False,2017,1387
2017-04-19,45787,12.659509613354585,50.0,64.9,46.0,11.0,0.0,4,False,False,False,False,False,True,False,False,False,False,False,True,False,False,False,False,False,True,False,False,False,False,False,True,False,False,False,False,False,True,2017,1388
2017-04-20,44264,19.711147885414785,54.4,66.0,46.0,6.7,0.19,4,False,False,False,True,False,False,False,False,False,True,False,False,False,False,False,True,False,False,False,False,False,True,False,False,False,False,False,True,False,False,2017,1389
2017-04-21,39868,13.169335891776193,52.3,66.0,48.9,11.2,0.3,4,False,False,False,False,False,False,False,False,False,False,False,False,False,False,False,False,False,False,False,False,False,False,False,False,False,False,False,False,False,False,2017,1390
2017-04-22,34596,16.986248410220842,51.8,55.9,48.0,6.9,0.02,4,False,True,False,False,False,False,False,True,False,False,False,False,False,True,False,False,False,False,False,True,False,False,False,False,False,True,False,False,False,False,2017,1391
2017-04-23,49107,20.69660367496828,54.7,64.9,48.0,7.0,0.07,4,False,False,True,False,False,False,False,False,True,False,False,False,False,False,True,False,False,False,False,False,True,False,False,False,False,False,True,False,False,False,2017,1392
2017-04-24,48692,14.031161860949094,53.5,64.9,48.0,6.0,0.0,4,True,False,False,False,False,False,True,False,False,False,False,False,True,False,False,False,False,False,True,False,False,False,False,False,True,False,False,False,False,False,2017,1393
2017-04-25,20332,11.593425798413008,52.8,59.0,48.0,16.3,0.07,4,False,False,False,False,True,False,False,False,False,False,True,False,False,False,False,False,True,False,False,False,False,False,True,False,False,False,False,False,True,False,2017,1394
2017-04-26,37727,12.711058834963469,55.2,62.1,50.0,11.9,0.73,4,False,False,False,False,False,True,False,False,False,False,False,True,False,False,False,False,False,True,False,False,False,False,False,True,False,False,False,False,False,True,2017,1395
2017-04-27,52035,14.98996348611511,62.0,69.1,53.1,5.1,0.13,4,False,False,False,True,False,False,False,False,False,True,False,False,False,False,False,True,False,False,False,False,False,True,False,False,False,False,False,True,False,False,2017,1396
2017-04-28,62199,16.742810173797007,66.6,84.9,55.0,5.9,0.01,4,False,False,False,False,False,False,False,False,False,False,False,False,False,False,False,False,False,False,False,False,False,False,False,False,False,False,False,False,False,False,2017,1397
2017-04-29,57701,22.42180493694507,76.9,88.0,55.0,8.8,0.06,4,False,True,False,False,False,False,False,True,False,False,False,False,False,True,False,False,False,False,False,True,False,False,False,False,False,True,False,False,False,False,2017,1398
2017-04-30,42928,17.934724422288475,64.7,88.0,55.9,10.1,0.0,4,False,False,True,False,False,False,False,False,True,False,False,False,False,False,True,False,False,False,False,False,True,False,False,False,False,False,True,False,False,False,2017,1399
2017-05-01,56218,15.693653574774387,55.9,73.0,50.0,9.3,0.0,5,True,False,False,False,False,False,True,False,False,False,False,False,True,False,False,False,False,False,True,False,False,False,False,False,True,False,False,False,False,False,2017,1400
2017-05-02,61207,17.97880797947947,70.5,78.1,50.0,12.9,0.0,5,False,False,False,False,True,False,False,False,False,False,True,False,False,False,False,False,True,False,False,False,False,False,True,False,False,False,False,False,True,False,2017,1401
2017-05-03,59252,17.574413240621983,64.3,78.1,61.0,14.1,0.0,5,False,False,False,False,False,True,False,False,False,False,False,True,False,False,False,False,False,True,False,False,False,False,False,True,False,False,False,False,False,True,2017,1402
2017-05-04,57429,16.835364246867133,57.7,66.9,51.1,8.9,0.0,5,False,False,False,True,False,False,False,False,False,True,False,False,False,False,False,True,False,False,False,False,False,True,False,False,False,False,False,True,False,False,2017,1403
2017-05-05,24009,12.928580254626745,56.0,66.0,51.1,11.4,0.01,5,False,False,False,False,False,False,False,False,False,False,False,False,False,False,False,False,False,False,False,False,False,False,False,False,False,False,False,False,False,False,2017,1404
2017-05-06,46618,17.84192479299841,62.4,66.9,53.1,13.8,2.31,5,False,True,False,False,False,False,False,True,False,False,False,False,False,True,False,False,False,False,False,True,False,False,False,False,False,True,False,False,False,False,2017,1405
2017-05-07,34293,15.37347709445076,56.1,66.9,53.1,12.2,0.01,5,False,False,True,False,False,False,False,False,True,False,False,False,False,False,True,False,False,False,False,False,True,False,False,False,False,False,True,False,False,False,2017,1406
2017-05-08,51553,14.057762561506282,53.4,62.1,48.0,12.5,0.0,5,True,False,False,False,False,False,True,False,False,False,False,False,True,False,False,False,False,False,True,False,False,False,False,False,True,False,False,False,False,False,2017,1407
2017-05-09,56461,13.922706528990512,55.6,64.0,48.0,9.2,0.0,5,False,False,False,False,True,False,False,False,False,False,True,False,False,False,False,False,True,False,False,False,False,False,True,False,False,False,False,False,True,False,2017,1408
2017-05-10,58454,15.4909829381508,56.8,64.9,48.9,6.2,0.0,5,False,False,False,False,False,True,False,False,False,False,False,True,False,False,False,False,False,True,False,False,False,False,False,True,False,False,False,False,False,True,2017,1409
2017-05-11,57208,13.885394525241225,57.1,64.9,52.0,6.4,0.0,5,False,False,False,True,False,False,False,False,False,True,False,False,False,False,False,True,False,False,False,False,False,True,False,False,False,False,False,True,False,False,2017,1410
2017-05-12,56675,14.965937068078222,56.5,64.0,52.0,6.9,0.0,5,False,False,False,False,False,False,False,False,False,False,False,False,False,False,False,False,False,False,False,False,False,False,False,False,False,False,False,False,False,False,2017,1411
2017-05-13,5704,19.46897206638616,53.2,55.9,48.0,11.1,0.13,5,False,True,False,False,False,False,False,True,False,False,False,False,False,True,False,False,False,False,False,True,False,False,False,False,False,True,False,False,False,False,2017,1412
2017-05-14,38729,17.567197707144523,55.4,70.0,46.9,13.4,1.61,5,False,False,True,False,False,False,False,False,True,False,False,False,False,False,True,False,False,False,False,False,True,False,False,False,False,False,True,False,False,False,2017,1413
2017-05-15,54715,14.220029547046826,61.7,70.0,46.9,17.8,0.01,5,True,False,False,False,False,False,True,False,False,False,False,False,True,False,False,False,False,False,True,False,False,False,False,False,True,False,False,False,False,False,2017,1414
2017-05-16,64504,15.439990026458307,68.8,82.9,54.0,10.3,0.0,5,False,False,False,False,True,False,False,False,False,False,True,False,False,False,False,False,True,False,False,False,False,False,True,False,False,False,False,False,True,False,2017,1415
2017-05-17,65794,17.138806476781063,79.2,93.9,59.0,6.8,0.0,5,False,False,False,False,False,True,False,False,False,False,False,True,False,False,False,False,False,True,False,False,False,False,False,True,False,False,False,False,False,True,2017,1416
2017-05-18,63753,15.25395589227174,88.1,97.0,66.0,10.1,0.0,5,False,False,False,True,False,False,False,False,False,True,False,False,False,False,False,True,False,False,False,False,False,True,False,False,False,False,False,True,False,False,2017,1417
2017-05-19,62143,15.827023156268607,87.9,97.0,80.1,11.0,0.0,5,False,False,False,False,False,False,False,False,False,False,False,False,False,False,False,False,False,False,False,False,False,False,False,False,False,False,False,False,False,False,2017,1418
2017-05-20,47859,18.145077205959176,67.3,96.1,61.0,10.9,0.01,5,False,True,False,False,False,False,False,True,False,False,False,False,False,True,False,False,False,False,False,True,False,False,False,False,False,True,False,False,False,False,2017,1419
2017-05-21,54874,21.245994763761832,62.4,71.1,57.0,7.9,0.0,5,False,False,True,False,False,False,False,False,True,False,False,False,False,False,True,False,False,False,False,False,True,False,False,False,False,False,True,False,False,False,2017,1420
2017-05-22,24627,12.42348912440276,59.8,71.1,57.0,7.5,0.11,5,True,False,False,False,False,False,True,False,False,False,False,False,True,False,False,False,False,False,True,False,False,False,False,False,True,False,False,False,False,False,2017,1421
2017-05-23,60032,15.90623278695806,63.4,70.0,57.0,4.9,0.53,5,False,False,False,False,True,False,False,False,False,False,True,False,False,False,False,False,True,False,False,False,False,False,True,False,False,False,False,False,True,False,2017,1422
2017-05-24,60622,16.644185279271547,62.8,70.0,57.0,7.4,0.03,5,False,False,False,False,False,True,False,False,False,False,False,True,False,False,False,False,False,True,False,False,False,False,False,True,False,False,False,False,False,True,2017,1423
2017-05-25,17495,11.630573497189676,58.4,69.1,55.9,11.7,0.1,5,False,False,False,True,False,False,False,False,False,True,False,False,False,False,False,True,False,False,False,False,False,True,False,False,False,False,False,True,False,False,2017,1424
2017-05-26,53768,17.633706541685275,63.5,75.9,55.9,11.1,0.89,5,False,False,False,False,False,False,False,False,False,False,False,False,False,False,False,False,False,False,False,False,False,False,False,False,False,False,False,False,False,False,2017,1425
2017-05-27,46534,20.08462092233635,67.4,75.9,57.0,8.0,0.12,5,False,True,False,False,False,False,False,True,False,False,False,False,False,True,False,False,False,False,False,True,False,False,False,False,False,True,False,False,False,False,2017,1426
2017-05-28,46727,24.947691199235276,64.5,72.0,57.9,6.8,0.0,5,False,False,True,False,False,False,False,False,True,False,False,False,False,False,True,False,False,False,False,False,True,False,False,False,False,False,True,False,False,False,2017,1427
2017-05-29,26322,15.230585315198947,59.1,71.1,55.9,9.5,0.13,5,True,False,False,False,False,False,True,False,False,False,False,False,True,False,False,False,False,False,True,False,False,False,False,False,True,False,False,False,False,False,2017,1428
2017-05-30,50194,14.597552164269295,58.3,64.0,55.0,7.6,0.03,5,False,False,False,False,True,False,False,False,False,False,True,False,False,False,False,False,True,False,False,False,False,False,True,False,False,False,False,False,True,False,2017,1429
2017-05-31,59495,15.222119785976414,63.1,78.1,55.0,6.6,0.08,5,False,False,False,False,False,True,False,False,False,False,False,True,False,False,False,False,False,True,False,False,False,False,False,True,False,False,False,False,False,True,2017,1430
2017-06-01,67403,15.789940111468828,69.4,82.0,57.9,6.9,0.05,6,False,False,False,True,False,False,False,False,False,True,False,False,False,False,False,True,False,False,False,False,False,True,False,False,False,False,False,True,False,False,2017,1431
2017-06-02,66907,16.272086378605124,70.6,82.0,60.1,8.8,0.0,6,False,False,False,False,False,False,False,False,False,False,False,False,False,False,False,False,False,False,False,False,False,False,False,False,False,False,False,False,False,False,2017,1432
2017-06-03,56264,19.403297549646897,66.1,79.0,59.0,9.2,0.0,6,False,True,False,False,False,False,False,True,False,False,False,False,False,True,False,False,False,False,False,True,False,False,False,False,False,True,False,False,False,False,2017,1433
2017-06-04,40138,17.70676707027422,66.0,73.9,59.0,6.3,0.0,6,False,False,True,False,False,False,False,False,True,False,False,False,False,False,True,False,False,False,False,False,True,False,False,False,False,False,True,False,False,False,2017,1434
2017-06-05,55883,15.63976999564567,61.8,71.1,59.0,7.9,0.06,6,True,False,False,False,False,False,True,False,False,False,False,False,True,False,False,False,False,False,True,False,False,False,False,False,True,False,False,False,False,False,2017,1435
2017-06-06,41268,12.379238554489351,58.0,66.9,55.0,11.5,0.02,6,False,False,False,False,True,False,False,False,False,False,True,False,False,False,False,False,True,False,False,False,False,False,True,False,False,False,False,False,True,False,2017,1436
2017-06-07,64453,15.883515119544471,58.6,70.0,52.0,8.0,0.03,6,False,False,False,False,False,True,False,False,False,False,False,True,False,False,False,False,False,True,False,False,False,False,False,True,False,False,False,False,False,True,2017,1437
2017-06-08,62653,15.59040562037466,63.9,71.1,52.0,5.4,0.0,6,False,False,False,True,False,False,False,False,False,True,False,False,False,False,False,True,False,False,False,False,False,True,False,False,False,False,False,True,False,False,2017,1438
2017-06-09,66506,19.486973105183488,66.7,82.9,55.9,7.2,0.0,6,False,False,False,False,False,False,False,False,False,False,False,False,False,False,False,False,False,False,False,False,False,False,False,False,False,False,False,False,False,False,2017,1439
2017-06-10,57087,21.407791032400837,78.1,88.0,55.9,7.6,0.0,6,False,True,False,False,False,False,False,True,False,False,False,False,False,True,False,False,False,False,False,True,False,False,False,False,False,True,False,False,False,False,2017,1440
2017-06-11,51427,20.406840116410955,83.7,93.9,66.9,9.0,0.0,6,False,False,True,False,False,False,False,False,True,False,False,False,False,False,True,False,False,False,False,False,True,False,False,False,False,False,True,False,False,False,2017,1441
2017-06-12,57871,15.694316669834627,86.7,96.1,75.0,8.5,0.0,6,True,False,False,False,False,False,True,False,False,False,False,False,True,False,False,False,False,False,True,False,False,False,False,False,True,False,False,False,False,False,2017,1442
2017-06-13,60921,15.213903798908971,89.7,100.9,75.9,8.5,0.0,6,False,False,False,False,True,False,False,False,False,False,True,False,False,False,False,False,True,False,False,False,False,False,True,False,False,False,False,False,True,False,2017,1443
2017-06-14,60513,17.42349963368753,78.8,93.9,71.6,7.8,0.48,6,False,False,False,False,False,True,False,False,False,False,False,True,False,False,False,False,False,True,False,False,False,False,False,True,False,False,False,False,False,True,2017,1444
2017-06-15,64763,18.414139503523117,70.7,82.9,64.0,8.1,0.02,6,False,False,False,True,False,False,False,False,False,True,False,False,False,False,False,True,False,False,False,False,False,True,False,False,False,False,False,True,False,False,2017,1445
2017-06-16,56403,16.59472368491038,65.6,75.9,63.0,9.1,0.0,6,False,False,False,False,False,False,False,False,False,False,False,False,False,False,False,False,False,False,False,False,False,False,False,False,False,False,False,False,False,False,2017,1446
2017-06-17,34900,18.47730276981853,67.0,73.9,63.0,7.0,0.0,6,False,True,False,False,False,False,False,True,False,False,False,False,False,True,False,False,False,False,False,True,False,False,False,False,False,True,False,False,False,False,2017,1447
2017-06-18,49472,22.72258280778352,75.3,84.0,64.0,8.8,1.26,6,False,False,True,False,False,False,False,False,True,False,False,False,False,False,True,False,False,False,False,False,True,False,False,False,False,False,True,False,False,False,2017,1448
2017-06-19,38310,16.131654920386318,78.5,87.1,70.0,11.1,0.0,6,True,False,False,False,False,False,True,False,False,False,False,False,True,False,False,False,False,False,True,False,False,False,False,False,True,False,False,False,False,False,2017,1449
2017-06-20,64673,17.39491312706488,76.9,87.1,70.0,11.0,1.23,6,False,False,False,False,True,False,False,False,False,False,True,False,False,False,False,False,True,False,False,False,False,False,True,False,False,False,False,False,True,False,2017,1450
2017-06-21,67218,17.448709423071193,80.3,87.1,70.0,8.7,0.01,6,False,False,False,False,False,True,False,False,False,False,False,True,False,False,False,False,False,True,False,False,False,False,False,True,False,False,False,False,False,True,2017,1451
2017-06-22,66308,17.513423719611513,77.1,87.1,68.0,7.6,0.0,6,False,False,False,True,False,False,False,False,False,True,False,False,False,False,False,True,False,False,False,False,False,True,False,False,False,False,False,True,False,False,2017,1452
2017-06-23,55323,16.40121860106406,81.2,87.1,68.0,9.3,0.0,6,False,False,False,False,False,False,False,False,False,False,False,False,False,False,False,False,False,False,False,False,False,False,False,False,False,False,False,False,False,False,2017,1453
2017-06-24,52153,20.70580375689478,79.5,87.1,70.0,10.0,0.96,6,False,True,False,False,False,False,False,True,False,False,False,False,False,True,False,False,False,False,False,True,False,False,False,False,False,True,False,False,False,False,2017,1454
2017-06-25,54655,23.203702009575217,78.2,86.0,70.0,7.1,0.18,6,False,False,True,False,False,False,False,False,True,False,False,False,False,False,True,False,False,False,False,False,True,False,False,False,False,False,True,False,False,False,2017,1455
2017-06-26,62669,20.13100336689591,74.0,84.0,66.9,9.0,0.0,6,True,False,False,False,False,False,True,False,False,False,False,False,True,False,False,False,False,False,True,False,False,False,False,False,True,False,False,False,False,False,2017,1456
2017-06-27,64767,16.471872764422205,71.2,81.0,62.1,7.7,0.16,6,False,False,False,False,True,False,False,False,False,False,True,False,False,False,False,False,True,False,False,False,False,False,True,False,False,False,False,False,True,False,2017,1457
2017-06-28,67752,19.712283032235213,71.5,81.0,62.1,10.1,0.0,6,False,False,False,False,False,True,False,False,False,False,False,True,False,False,False,False,False,True,False,False,False,False,False,True,False,False,False,False,False,True,2017,1458
2017-06-29,64272,17.41458800099577,76.2,82.9,64.0,10.9,0.0,6,False,False,False,True,False,False,False,False,False,True,False,False,False,False,False,True,False,False,False,False,False,True,False,False,False,False,False,True,False,False,2017,1459
2017-06-30,58662,19.612318025297466,80.2,89.1,69.1,11.7,0.0,6,False,False,False,False,False,False,False,False,False,False,False,False,False,False,False,False,False,False,False,False,False,False,False,False,False,False,False,False,False,False,2017,1460
2017-07-01,36737,23.0839113155674,79.0,89.1,73.9,9.4,0.0,7,False,True,False,False,False,False,False,True,False,False,False,False,False,True,False,False,False,False,False,True,False,False,False,False,False,True,False,False,False,False,2017,1461
2017-07-02,43036,26.901029370759368,79.8,91.0,73.0,7.4,0.07,7,False,False,True,False,False,False,False,False,True,False,False,False,False,False,True,False,False,False,False,False,True,False,False,False,False,False,True,False,False,False,2017,1462
2017-07-03,48193,21.414255873951262,83.3,91.0,73.0,7.2,0.0,7,True,False,False,False,False,False,True,False,False,False,False,False,True,False,False,False,False,False,True,False,False,False,False,False,True,False,False,False,False,False,2017,1463
2017-07-04,49924,25.36059744144432,77.8,90.0,70.0,4.2,0.12,7,False,False,False,False,True,False,False,False,False,False,True,False,False,False,False,False,True,False,False,False,False,False,True,False,False,False,False,False,True,False,2017,1464
2017-07-05,60321,18.006270895155367,76.7,87.1,70.0,7.6,0.0,7,False,False,False,False,False,True,False,False,False,False,False,True,False,False,False,False,False,True,False,False,False,False,False,True,False,False,False,False,False,True,2017,1465
2017-07-06,62147,17.69381064250889,74.5,84.9,69.1,7.1,0.0,7,False,False,False,True,False,False,False,False,False,True,False,False,False,False,False,True,False,False,False,False,False,True,False,False,False,False,False,True,False,False,2017,1466
2017-07-07,44068,15.803184094278544,72.4,82.0,68.0,8.4,0.01,7,False,False,False,False,False,False,False,False,False,False,False,False,False,False,False,False,False,False,False,False,False,False,False,False,False,False,False,False,False,False,2017,1467
2017-07-08,55015,20.278051137568543,78.5,87.1,68.0,7.5,2.13,7,False,True,False,False,False,False,False,True,False,False,False,False,False,True,False,False,False,False,False,True,False,False,False,False,False,True,False,False,False,False,2017,1468
2017-07-09,57118,20.39753813742312,76.3,87.1,70.0,8.5,0.0,7,False,False,True,False,False,False,False,False,True,False,False,False,False,False,True,False,False,False,False,False,True,False,False,False,False,False,True,False,False,False,2017,1469
2017-07-10,60907,16.56661275934348,78.7,88.0,70.0,8.0,0.0,7,True,False,False,False,False,False,True,False,False,False,False,False,True,False,False,False,False,False,True,False,False,False,False,False,True,False,False,False,False,False,2017,1470
2017-07-11,61671,15.85264684103279,80.5,89.1,72.0,8.5,0.0,7,False,False,False,False,True,False,False,False,False,False,True,False,False,False,False,False,True,False,False,False,False,False,True,False,False,False,False,False,True,False,2017,1471
2017-07-12,61786,15.488337703255322,84.2,91.0,75.0,9.1,0.0,7,False,False,False,False,False,True,False,False,False,False,False,True,False,False,False,False,False,True,False,False,False,False,False,True,False,False,False,False,False,True,2017,1472
2017-07-13,56475,17.33239220894201,86.0,93.9,78.1,9.1,0.0,7,False,False,False,True,False,False,False,False,False,True,False,False,False,False,False,True,False,False,False,False,False,True,False,False,False,False,False,True,False,False,2017,1473
2017-07-14,31851,16.518075308990824,69.8,93.9,64.9,8.4,0.01,7,False,False,False,False,False,False,False,False,False,False,False,False,False,False,False,False,False,False,False,False,False,False,False,False,False,False,False,False,False,False,2017,1474
2017-07-15,56499,18.99550464020012,73.7,86.0,64.9,6.9,0.47,7,False,True,False,False,False,False,False,True,False,False,False,False,False,True,False,False,False,False,False,True,False,False,False,False,False,True,False,False,False,False,2017,1475
2017-07-16,56833,21.489525158505327,78.0,86.0,66.9,6.6,0.01,7,False,False,True,False,False,False,False,False,True,False,False,False,False,False,True,False,False,False,False,False,True,False,False,False,False,False,True,False,False,False,2017,1476
2017-07-17,62555,16.636904857059125,80.1,87.1,71.1,7.2,0.0,7,True,False,False,False,False,False,True,False,False,False,False,False,True,False,False,False,False,False,True,False,False,False,False,False,True,False,False,False,False,False,2017,1477
2017-07-18,66234,16.656136073114517,80.5,88.0,75.0,7.9,0.0,7,False,False,False,False,True,False,False,False,False,False,True,False,False,False,False,False,True,False,False,False,False,False,True,False,False,False,False,False,True,False,2017,1478
2017-07-19,63915,16.21775509139743,84.8,93.9,75.9,7.6,0.0,7,False,False,False,False,False,True,False,False,False,False,False,True,False,False,False,False,False,True,False,False,False,False,False,True,False,False,False,False,False,True,2017,1479
2017-07-20,59663,15.186770136712315,87.2,98.1,77.0,5.0,0.0,7,False,False,False,True,False,False,False,False,False,True,False,False,False,False,False,True,False,False,False,False,False,True,False,False,False,False,False,True,False,False,2017,1480
2017-07-21,60072,15.763409741643365,84.4,98.1,77.0,8.7,0.0,7,False,False,False,False,False,False,False,False,False,False,False,False,False,False,False,False,False,False,False,False,False,False,False,False,False,False,False,False,False,False,2017,1481
2017-07-22,48011,18.969343830927635,85.3,93.9,77.0,7.5,0.0,7,False,True,False,False,False,False,False,True,False,False,False,False,False,True,False,False,False,False,False,True,False,False,False,False,False,True,False,False,False,False,2017,1482
2017-07-23,46942,17.48028879610299,76.4,91.0,72.0,5.4,0.6,7,False,False,True,False,False,False,False,False,True,False,False,False,False,False,True,False,False,False,False,False,True,False,False,False,False,False,True,False,False,False,2017,1483
2017-07-24,43792,15.0221745219827,70.2,80.1,64.0,11.1,0.46,7,True,False,False,False,False,False,True,False,False,False,False,False,True,False,False,False,False,False,True,False,False,False,False,False,True,False,False,False,False,False,2017,1484
2017-07-25,65336,14.882792283988406,65.8,73.0,62.1,9.1,0.45,7,False,False,False,False,True,False,False,False,False,False,True,False,False,False,False,False,True,False,False,False,False,False,True,False,False,False,False,False,True,False,2017,1485
2017-07-26,70323,16.075239964165355,70.5,78.1,62.1,7.5,0.0,7,False,False,False,False,False,True,False,False,False,False,False,True,False,False,False,False,False,True,False,False,False,False,False,True,False,False,False,False,False,True,2017,1486
2017-07-27,65769,14.640754762882212,72.2,78.1,64.9,7.9,0.0,7,False,False,False,True,False,False,False,False,False,True,False,False,False,False,False,True,False,False,False,False,False,True,False,False,False,False,False,True,False,False,2017,1487
2017-07-28,63899,15.266647887030054,76.9,84.0,66.9,5.8,0.0,7,False,False,False,False,False,False,False,False,False,False,False,False,False,False,False,False,False,False,False,False,False,False,False,False,False,False,False,False,False,False,2017,1488
2017-07-29,52947,17.363740155249598,73.3,84.0,68.0,13.2,0.0,7,False,True,False,False,False,False,False,True,False,False,False,False,False,True,False,False,False,False,False,True,False,False,False,False,False,True,False,False,False,False,2017,1489
2017-07-30,59342,19.02969734757844,72.9,82.0,66.0,7.0,0.0,7,False,False,True,False,False,False,False,False,True,False,False,False,False,False,True,False,False,False,False,False,True,False,False,False,False,False,True,False,False,False,2017,1490
2017-07-31,64218,14.699782252120384,77.7,89.1,66.0,5.3,0.0,7,True,False,False,False,False,False,True,False,False,False,False,False,True,False,False,False,False,False,True,False,False,False,False,False,True,False,False,False,False,False,2017,1491
2017-08-01,66677,17.666347716104,81.3,91.0,70.0,5.1,0.0,8,False,False,False,False,True,False,False,False,False,False,True,False,False,False,False,False,True,False,False,False,False,False,True,False,False,False,False,False,True,False,2017,1492
2017-08-02,56184,20.02627616403247,79.6,91.0,69.1,6.1,0.0,8,False,False,False,False,False,True,False,False,False,False,False,True,False,False,False,False,False,True,False,False,False,False,False,True,False,False,False,False,False,True,2017,1493
2017-08-03,66149,19.157882205324345,76.2,88.0,69.1,6.2,0.08,8,False,False,False,True,False,False,False,False,False,True,False,False,False,False,False,True,False,False,False,False,False,True,False,False,False,False,False,True,False,False,2017,1494
2017-08-04,56394,18.536455414878663,78.1,87.1,70.0,10.0,0.1,8,False,False,False,False,False,False,False,False,False,False,False,False,False,False,False,False,False,False,False,False,False,False,False,False,False,False,False,False,False,False,2017,1495
2017-08-05,58971,24.419910068790863,76.3,84.9,70.0,10.0,0.82,8,False,True,False,False,False,False,False,True,False,False,False,False,False,True,False,False,False,False,False,True,False,False,False,False,False,True,False,False,False,False,2017,1496
2017-08-06,56476,22.54658999693085,72.0,80.1,66.0,10.9,0.16,8,False,False,True,False,False,False,False,False,True,False,False,False,False,False,True,False,False,False,False,False,True,False,False,False,False,False,True,False,False,False,2017,1497
2017-08-07,23395,12.287061337892712,70.2,78.1,66.0,5.8,0.0,8,True,False,False,False,False,False,True,False,False,False,False,False,True,False,False,False,False,False,True,False,False,False,False,False,True,False,False,False,False,False,2017,1498
2017-08-08,65233,18.123004971921155,70.3,80.1,64.9,7.1,0.43,8,False,False,False,False,True,False,False,False,False,False,True,False,False,False,False,False,True,False,False,False,False,False,True,False,False,False,False,False,True,False,2017,1499
2017-08-09,67884,21.832384165144465,76.5,84.9,64.9,5.2,0.0,8,False,False,False,False,False,True,False,False,False,False,False,True,False,False,False,False,False,True,False,False,False,False,False,True,False,False,False,False,False,True,2017,1500
2017-08-10,66249,16.36331290535204,77.5,86.0,68.0,6.0,0.0,8,False,False,False,True,False,False,False,False,False,True,False,False,False,False,False,True,False,False,False,False,False,True,False,False,False,False,False,True,False,False,2017,1501
2017-08-11,63140,19.479002481258576,75.9,86.0,71.1,7.7,0.0,8,False,False,False,False,False,False,False,False,False,False,False,False,False,False,False,False,False,False,False,False,False,False,False,False,False,False,False,False,False,False,2017,1502
2017-08-12,60540,23.13261452483207,71.8,82.0,64.9,5.9,0.17,8,False,True,False,False,False,False,False,True,False,False,False,False,False,True,False,False,False,False,False,True,False,False,False,False,False,True,False,False,False,False,2017,1503
2017-08-13,57518,21.7524913939984,76.8,84.9,64.9,8.0,0.16,8,False,False,True,False,False,False,False,False,True,False,False,False,False,False,True,False,False,False,False,False,True,False,False,False,False,False,True,False,False,False,2017,1504
2017-08-14,61482,23.302006549342355,76.6,84.9,71.1,5.8,0.0,8,True,False,False,False,False,False,True,False,False,False,False,False,True,False,False,False,False,False,True,False,False,False,False,False,True,False,False,False,False,False,2017,1505
2017-08-15,52461,15.563273034571711,73.2,77.0,69.1,5.3,0.32,8,False,False,False,False,True,False,False,False,False,False,True,False,False,False,False,False,True,False,False,False,False,False,True,False,False,False,False,False,True,False,2017,1506
2017-08-16,68436,17.916156457614896,76.8,86.0,69.1,4.8,0.12,8,False,False,False,False,False,True,False,False,False,False,False,True,False,False,False,False,False,True,False,False,False,False,False,True,False,False,False,False,False,True,2017,1507
2017-08-17,66656,17.591802438390143,76.4,86.0,70.0,7.0,0.0,8,False,False,False,True,False,False,False,False,False,True,False,False,False,False,False,True,False,False,False,False,False,True,False,False,False,False,False,True,False,False,2017,1508
2017-08-18,36620,17.11995039140725,77.3,82.9,70.0,7.7,0.01,8,False,False,False,False,False,False,False,False,False,False,False,False,False,False,False,False,False,False,False,False,False,False,False,False,False,False,False,False,False,False,2017,1509
2017-08-19,62442,24.200790600343783,80.1,89.1,73.0,7.5,0.9,8,False,True,False,False,False,False,False,True,False,False,False,False,False,True,False,False,False,False,False,True,False,False,False,False,False,True,False,False,False,False,2017,1510
2017-08-20,55442,20.311299496170175,78.7,89.1,71.1,10.4,0.0,8,False,False,True,False,False,False,False,False,True,False,False,False,False,False,True,False,False,False,False,False,True,False,False,False,False,False,True,False,False,False,2017,1511
2017-08-21,61059,18.411591520769523,80.8,88.0,71.1,6.7,0.0,8,True,False,False,False,False,False,True,False,False,False,False,False,True,False,False,False,False,False,True,False,False,False,False,False,True,False,False,False,False,False,2017,1512
2017-08-22,60541,19.689789839392585,81.5,91.0,75.0,8.6,0.0,8,False,False,False,False,True,False,False,False,False,False,True,False,False,False,False,False,True,False,False,False,False,False,True,False,False,False,False,False,True,False,2017,1513
2017-08-23,65070,20.25781414886533,78.2,84.0,73.4,11.1,0.25,8,False,False,False,False,False,True,False,False,False,False,False,True,False,False,False,False,False,True,False,False,False,False,False,True,False,False,False,False,False,True,2017,1514
2017-08-24,66307,19.998282232645117,75.2,82.0,69.1,6.8,0.02,8,False,False,False,True,False,False,False,False,False,True,False,False,False,False,False,True,False,False,False,False,False,True,False,False,False,False,False,True,False,False,2017,1515
2017-08-25,64217,16.986893657442735,72.3,81.0,66.0,6.0,0.0,8,False,False,False,False,False,False,False,False,False,False,False,False,False,False,False,False,False,False,False,False,False,False,False,False,False,False,False,False,False,False,2017,1516
2017-08-26,50109,19.136690015765627,71.0,78.1,64.0,5.7,0.0,8,False,True,False,False,False,False,False,True,False,False,False,False,False,True,False,False,False,False,False,True,False,False,False,False,False,True,False,False,False,False,2017,1517
2017-08-27,54598,22.603337423837257,70.2,77.0,64.0,7.1,0.0,8,False,False,True,False,False,False,False,False,True,False,False,False,False,False,True,False,False,False,False,False,True,False,False,False,False,False,True,False,False,False,2017,1518
2017-08-28,60886,16.823883706161244,69.8,77.0,64.0,9.3,0.0,8,True,False,False,False,False,False,True,False,False,False,False,False,True,False,False,False,False,False,True,False,False,False,False,False,True,False,False,False,False,False,2017,1519
2017-08-29,35152,14.879735150204825,66.5,75.0,64.0,11.6,0.0,8,False,False,False,False,True,False,False,False,False,False,True,False,False,False,False,False,True,False,False,False,False,False,True,False,False,False,False,False,True,False,2017,1520
2017-08-30,65329,16.343364100680144,67.5,80.1,61.0,10.6,0.32,8,False,False,False,False,False,True,False,False,False,False,False,True,False,False,False,False,False,True,False,False,False,False,False,True,False,False,False,False,False,True,2017,1521
2017-08-31,64881,15.472770148425578,74.0,82.0,61.0,9.8,0.01,8,False,False,False,True,False,False,False,False,False,True,False,False,False,False,False,True,False,False,False,False,False,True,False,False,False,False,False,True,False,False,2017,1522
2017-09-01,54881,16.89548720565102,65.4,82.0,55.9,10.7,0.0,9,False,False,False,False,False,False,False,False,False,False,False,False,False,False,False,False,False,False,False,False,False,False,False,False,False,False,False,False,False,False,2017,1523
2017-09-02,37812,21.40347993582284,63.2,72.0,55.9,7.9,0.0,9,False,True,False,False,False,False,False,True,False,False,False,False,False,True,False,False,False,False,False,True,False,False,False,False,False,True,False,False,False,False,2017,1524
2017-09-03,30955,20.100291283045284,62.6,72.0,55.9,9.8,0.79,9,False,False,True,False,False,False,False,False,True,False,False,False,False,False,True,False,False,False,False,False,True,False,False,False,False,False,True,False,False,False,2017,1525
2017-09-04,55285,22.74168038346749,71.3,82.0,59.0,11.2,0.4,9,True,False,False,False,False,False,True,False,False,False,False,False,True,False,False,False,False,False,True,False,False,False,False,False,True,False,False,False,False,False,2017,1526
2017-09-05,65445,17.344608959176913,76.4,84.9,64.0,8.8,0.0,9,False,False,False,False,True,False,False,False,False,False,True,False,False,False,False,False,True,False,False,False,False,False,True,False,False,False,False,False,True,False,2017,1527
2017-09-06,42295,13.882774953698227,69.9,84.9,62.1,7.0,0.0,9,False,False,False,False,False,True,False,False,False,False,False,True,False,False,False,False,False,True,False,False,False,False,False,True,False,False,False,False,False,True,2017,1528
2017-09-07,69519,16.86566478228973,65.4,73.0,60.8,8.3,0.44,9,False,False,False,True,False,False,False,False,False,True,False,False,False,False,False,True,False,False,False,False,False,True,False,False,False,False,False,True,False,False,2017,1529
2017-09-08,69574,15.893449181207547,67.5,75.0,61.0,10.6,0.0,9,False,False,False,False,False,False,False,False,False,False,False,False,False,False,False,False,False,False,False,False,False,False,False,False,False,False,False,False,False,False,2017,1530
2017-09-09,60155,18.967705926356917,63.7,73.0,57.9,9.1,0.0,9,False,True,False,False,False,False,False,True,False,False,False,False,False,True,False,False,False,False,False,True,False,False,False,False,False,True,False,False,False,False,2017,1531
2017-09-10,60711,18.793300225659262,65.0,73.0,59.0,9.7,0.0,9,False,False,True,False,False,False,False,False,True,False,False,False,False,False,True,False,False,False,False,False,True,False,False,False,False,False,True,False,False,False,2017,1532
2017-09-11,71917,16.345572674054814,67.7,78.1,59.0,5.1,0.0,9,True,False,False,False,False,False,True,False,False,False,False,False,True,False,False,False,False,False,True,False,False,False,False,False,True,False,False,False,False,False,2017,1533
2017-09-12,74580,15.4607794761777,71.9,82.0,59.0,2.9,0.0,9,False,False,False,False,True,False,False,False,False,False,True,False,False,False,False,False,True,False,False,False,False,False,True,False,False,False,False,False,True,False,2017,1534
2017-09-13,69566,16.056317022683494,74.0,84.0,63.0,4.9,0.0,9,False,False,False,False,False,True,False,False,False,False,False,True,False,False,False,False,False,True,False,False,False,False,False,True,False,False,False,False,False,True,2017,1535
2017-09-14,72071,14.61505737397844,75.1,84.0,66.9,7.0,0.02,9,False,False,False,True,False,False,False,False,False,True,False,False,False,False,False,True,False,False,False,False,False,True,False,False,False,False,False,True,False,False,2017,1536
2017-09-15,72297,17.247020392731834,76.6,82.9,70.0,6.3,0.0,9,False,False,False,False,False,False,False,False,False,False,False,False,False,False,False,False,False,False,False,False,False,False,False,False,False,False,False,False,False,False,2017,1537
2017-09-16,61036,18.3546879437272,74.2,82.0,69.1,5.8,0.0,9,False,True,False,False,False,False,False,True,False,False,False,False,False,True,False,False,False,False,False,True,False,False,False,False,False,True,False,False,False,False,2017,1538
2017-09-17,59967,18.680991767694454,72.8,81.0,69.1,5.1,0.0,9,False,False,True,False,False,False,False,False,True,False,False,False,False,False,True,False,False,False,False,False,True,False,False,False,False,False,True,False,False,False,2017,1539
2017-09-18,64130,14.658271479806649,70.6,81.0,68.0,8.7,0.0,9,True,False,False,False,False,False,True,False,False,False,False,False,True,False,False,False,False,False,True,False,False,False,False,False,True,False,False,False,False,False,2017,1540
2017-09-19,57910,13.970031658320382,72.3,78.1,68.0,13.7,0.0,9,False,False,False,False,True,False,False,False,False,False,True,False,False,False,False,False,True,False,False,False,False,False,True,False,False,False,False,False,True,False,2017,1541
2017-09-20,71150,15.325442492386973,73.9,78.1,69.1,13.3,0.19,9,False,False,False,False,False,True,False,False,False,False,False,True,False,False,False,False,False,True,False,False,False,False,False,True,False,False,False,False,False,True,2017,1542
2017-09-21,67742,15.094857449342111,75.8,79.0,71.1,10.2,0.0,9,False,False,False,True,False,False,False,False,False,True,False,False,False,False,False,True,False,False,False,False,False,True,False,False,False,False,False,True,False,False,2017,1543
2017-09-22,70127,17.240455411848032,73.8,81.0,68.0,11.5,0.0,9,False,False,False,False,False,False,False,False,False,False,False,False,False,False,False,False,False,False,False,False,False,False,False,False,False,False,False,False,False,False,2017,1544
2017-09-23,62687,21.87894433189232,76.5,86.0,68.0,10.0,0.0,9,False,True,False,False,False,False,False,True,False,False,False,False,False,True,False,False,False,False,False,True,False,False,False,False,False,True,False,False,False,False,2017,1545
2017-09-24,57458,18.536830380451818,79.5,91.0,70.0,3.5,0.0,9,False,False,True,False,False,False,False,False,True,False,False,False,False,False,True,False,False,False,False,False,True,False,False,False,False,False,True,False,False,False,2017,1546
2017-09-25,69200,14.692419315992291,77.5,91.0,71.1,5.5,0.0,9,True,False,False,False,False,False,True,False,False,False,False,False,True,False,False,False,False,False,True,False,False,False,False,False,True,False,False,False,False,False,2017,1547
2017-09-26,71518,14.116304053991072,73.7,86.0,68.0,5.6,0.0,9,False,False,False,False,True,False,False,False,False,False,True,False,False,False,False,False,True,False,False,False,False,False,True,False,False,False,False,False,True,False,2017,1548
2017-09-27,69897,14.3546358689691,75.0,84.0,68.0,7.2,0.0,9,False,False,False,False,False,True,False,False,False,False,False,True,False,False,False,False,False,True,False,False,False,False,False,True,False,False,False,False,False,True,2017,1549
2017-09-28,70883,14.30654552807678,74.1,84.0,68.0,11.8,0.0,9,False,False,False,True,False,False,False,False,False,True,False,False,False,False,False,True,False,False,False,False,False,True,False,False,False,False,False,True,False,False,2017,1550
2017-09-29,67177,14.832269477152398,63.3,77.0,57.0,9.0,0.0,9,False,False,False,False,False,False,False,False,False,False,False,False,False,False,False,False,False,False,False,False,False,False,False,False,False,False,False,False,False,False,2017,1551
2017-09-30,50153,15.510478602144104,62.1,70.0,55.9,9.4,0.0,9,False,True,False,False,False,False,False,True,False,False,False,False,False,True,False,False,False,False,False,True,False,False,False,False,False,True,False,False,False,False,2017,1552
2017-10-01,55505,20.97570459117797,58.8,70.0,52.0,6.8,0.0,10,False,False,True,False,False,False,False,False,True,False,False,False,False,False,True,False,False,False,False,False,True,False,False,False,False,False,True,False,False,False,2017,1553
2017-10-02,65511,16.055658082866493,64.5,73.9,52.0,4.8,0.0,10,True,False,False,False,False,False,True,False,False,False,False,False,True,False,False,False,False,False,True,False,False,False,False,False,True,False,False,False,False,False,2017,1554
2017-10-03,69105,15.444736270892124,64.0,73.9,55.9,5.2,0.0,10,False,False,False,False,True,False,False,False,False,False,True,False,False,False,False,False,True,False,False,False,False,False,True,False,False,False,False,False,True,False,2017,1555
2017-10-04,71454,17.47994490628002,64.8,75.0,57.9,6.8,0.0,10,False,False,False,False,False,True,False,False,False,False,False,True,False,False,False,False,False,True,False,False,False,False,False,True,False,False,False,False,False,True,2017,1556
2017-10-05,70174,15.332242473470709,73.0,84.0,57.9,9.5,0.0,10,False,False,False,True,False,False,False,False,False,True,False,False,False,False,False,True,False,False,False,False,False,True,False,False,False,False,False,True,False,False,2017,1557
2017-10-06,70257,26.95417348686488,74.7,84.0,66.0,7.0,0.0,10,False,False,False,False,False,False,False,False,False,False,False,False,False,False,False,False,False,False,False,False,False,False,False,False,False,False,False,False,False,False,2017,1558
2017-10-07,63635,26.912435242659967,72.4,82.0,66.0,6.4,0.0,10,False,True,False,False,False,False,False,True,False,False,False,False,False,True,False,False,False,False,False,True,False,False,False,False,False,True,False,False,False,False,2017,1559
2017-10-08,41044,27.229053373615315,74.0,82.0,66.0,9.3,0.0,10,False,False,True,False,False,False,False,False,True,False,False,False,False,False,True,False,False,False,False,False,True,False,False,False,False,False,True,False,False,False,2017,1560
2017-10-09,38391,15.025982218054574,73.9,80.1,71.1,9.0,0.39,10,True,False,False,False,False,False,True,False,False,False,False,False,True,False,False,False,False,False,True,False,False,False,False,False,True,False,False,False,False,False,2017,1561
2017-10-10,74118,15.892096161975948,75.1,81.0,69.1,8.4,0.21,10,False,False,False,False,True,False,False,False,False,False,True,False,False,False,False,False,True,False,False,False,False,False,True,False,False,False,False,False,True,False,2017,1562
2017-10-11,63589,15.352759911305418,70.8,81.0,68.0,7.0,0.0,10,False,False,False,False,False,True,False,False,False,False,False,True,False,False,False,False,False,True,False,False,False,False,False,True,False,False,False,False,False,True,2017,1563
2017-10-12,61248,21.15688566701497,62.7,78.1,59.0,14.4,0.07,10,False,False,False,True,False,False,False,False,False,True,False,False,False,False,False,True,False,False,False,False,False,True,False,False,False,False,False,True,False,False,2017,1564
2017-10-13,67020,17.56857927981697,59.1,68.0,53.1,11.2,0.03,10,False,False,False,False,False,False,False,False,False,False,False,False,False,False,False,False,False,False,False,False,False,False,False,False,False,False,False,False,False,False,2017,1565
2017-10-14,58777,22.402013826269915,65.7,73.0,53.1,6.6,0.03,10,False,True,False,False,False,False,False,True,False,False,False,False,False,True,False,False,False,False,False,True,False,False,False,False,False,True,False,False,False,False,2017,1566
2017-10-15,56529,16.607031199325416,69.8,75.0,62.1,6.8,0.0,10,False,False,True,False,False,False,False,False,True,False,False,False,False,False,True,False,False,False,False,False,True,False,False,False,False,False,True,False,False,False,2017,1567
2017-10-16,61730,13.4292575193045,62.6,75.0,55.0,14.0,0.01,10,True,False,False,False,False,False,True,False,False,False,False,False,True,False,False,False,False,False,True,False,False,False,False,False,True,False,False,False,False,False,2017,1568
2017-10-17,64480,14.584902036807282,51.8,71.1,45.0,8.7,0.0,10,False,False,False,False,True,False,False,False,False,False,True,False,False,False,False,False,True,False,False,False,False,False,True,False,False,False,False,False,True,False,2017,1569
2017-10-18,70234,16.483878415961875,60.0,73.9,45.0,6.2,0.0,10,False,False,False,False,False,True,False,False,False,False,False,True,False,False,False,False,False,True,False,False,False,False,False,True,False,False,False,False,False,True,2017,1570
2017-10-19,72311,15.95540789091563,64.7,73.9,52.0,7.9,0.0,10,False,False,False,True,False,False,False,False,False,True,False,False,False,False,False,True,False,False,False,False,False,True,False,False,False,False,False,True,False,False,2017,1571
2017-10-20,72173,17.63884185683474,66.9,73.9,57.9,9.7,0.0,10,False,False,False,False,False,False,False,False,False,False,False,False,False,False,False,False,False,False,False,False,False,False,False,False,False,False,False,False,False,False,2017,1572
2017-10-21,65874,18.13027598141907,67.7,79.0,59.0,4.6,0.0,10,False,True,False,False,False,False,False,True,False,False,False,False,False,True,False,False,False,False,False,True,False,False,False,False,False,True,False,False,False,False,2017,1573
2017-10-22,62150,20.691869670152848,66.7,75.9,57.9,4.5,0.0,10,False,False,True,False,False,False,False,False,True,False,False,False,False,False,True,False,False,False,False,False,True,False,False,False,False,False,True,False,False,False,2017,1574
2017-10-23,69274,16.22145971071398,66.9,75.9,57.9,7.1,0.0,10,True,False,False,False,False,False,True,False,False,False,False,False,True,False,False,False,False,False,True,False,False,False,False,False,True,False,False,False,False,False,2017,1575
2017-10-24,48077,13.248867788478202,70.8,75.9,61.0,17.4,0.04,10,False,False,False,False,True,False,False,False,False,False,True,False,False,False,False,False,True,False,False,False,False,False,True,False,False,False,False,False,True,False,2017,1576
2017-10-25,71287,16.319445106868482,64.8,75.9,61.0,5.5,0.09,10,False,False,False,False,False,True,False,False,False,False,False,True,False,False,False,False,False,True,False,False,False,False,False,True,False,False,False,False,False,True,2017,1577
2017-10-26,64003,14.97438739850736,58.0,68.0,53.1,10.5,0.0,10,False,False,False,True,False,False,False,False,False,True,False,False,False,False,False,True,False,False,False,False,False,True,False,False,False,False,False,True,False,False,2017,1578
2017-10-27,69268,18.71862379934938,55.7,63.0,51.1,8.9,0.0,10,False,False,False,False,False,False,False,False,False,False,False,False,False,False,False,False,False,False,False,False,False,False,False,False,False,False,False,False,False,False,2017,1579
2017-10-28,61348,21.18242349655517,60.9,68.0,51.1,9.0,0.0,10,False,True,False,False,False,False,False,True,False,False,False,False,False,True,False,False,False,False,False,True,False,False,False,False,False,True,False,False,False,False,2017,1580
2017-10-29,9537,14.528385935479362,64.0,68.0,54.0,10.3,0.1,10,False,False,True,False,False,False,False,False,True,False,False,False,False,False,True,False,False,False,False,False,True,False,False,False,False,False,True,False,False,False,2017,1581
2017-10-30,49247,13.980375454342395,57.1,68.0,46.9,15.9,2.79,10,True,False,False,False,False,False,True,False,False,False,False,False,True,False,False,False,False,False,True,False,False,False,False,False,True,False,False,False,False,False,2017,1582
2017-10-31,60242,13.936887055542648,53.8,62.1,46.9,13.2,0.05,10,False,False,False,False,True,False,False,False,False,False,True,False,False,False,False,False,True,False,False,False,False,False,True,False,False,False,False,False,True,False,2017,1583
2017-11-01,60773,14.487495269280767,51.4,57.9,46.9,7.8,0.0,11,False,False,False,False,False,True,False,False,False,False,False,True,False,False,False,False,False,True,False,False,False,False,False,True,False,False,False,False,False,True,2017,1584
2017-11-02,70810,15.926368921527088,63.0,72.0,46.9,6.7,0.0,11,False,False,False,True,False,False,False,False,False,True,False,False,False,False,False,True,False,False,False,False,False,True,False,False,False,False,False,True,False,False,2017,1585
2017-11-03,71818,17.543681946030237,66.1,75.0,57.9,7.6,0.0,11,False,False,False,False,False,False,False,False,False,False,False,False,False,False,False,False,False,False,False,False,False,False,False,False,False,False,False,False,False,False,2017,1586
2017-11-04,53435,21.41534418764231,53.1,75.0,48.0,10.3,0.0,11,False,True,False,False,False,False,False,True,False,False,False,False,False,True,False,False,False,False,False,True,False,False,False,False,False,True,False,False,False,False,2017,1587
2017-11-05,34943,14.415929752263212,54.8,61.0,48.0,7.8,0.02,11,False,False,True,False,False,False,False,False,True,False,False,False,False,False,True,False,False,False,False,False,True,False,False,False,False,False,True,False,False,False,2017,1588
2017-11-06,57606,14.3037498987374,62.6,66.0,52.0,7.8,0.08,11,True,False,False,False,False,False,True,False,False,False,False,False,True,False,False,False,False,False,True,False,False,False,False,False,True,False,False,False,False,False,2017,1589
2017-11-07,36362,14.375742991767964,48.0,66.0,42.1,10.3,0.0,11,False,False,False,False,True,False,False,False,False,False,True,False,False,False,False,False,True,False,False,False,False,False,True,False,False,False,False,False,True,False,2017,1590
2017-11-08,54211,14.705854592856303,43.4,51.1,39.9,9.5,0.6,11,False,False,False,False,False,True,False,False,False,False,False,True,False,False,False,False,False,True,False,False,False,False,False,True,False,False,False,False,False,True,2017,1591
2017-11-09,58417,15.011814768531996,47.6,55.9,39.9,6.5,0.0,11,False,False,False,True,False,False,False,False,False,True,False,False,False,False,False,True,False,False,False,False,False,True,False,False,False,False,False,True,False,False,2017,1592
2017-11-10,38432,13.714919858451292,44.4,55.9,30.9,15.2,0.0,11,False,False,False,False,False,False,False,False,False,False,False,False,False,False,False,False,False,False,False,False,False,False,False,False,False,False,False,False,False,False,2017,1593
2017-11-11,28142,13.736916945016937,31.0,37.9,26.1,11.3,0.0,11,False,True,False,False,False,False,False,True,False,False,False,False,False,True,False,False,False,False,False,True,False,False,False,False,False,True,False,False,False,False,2017,1594
2017-11-12,32471,14.86564575569996,39.5,46.9,26.1,4.3,0.0,11,False,False,True,False,False,False,False,False,True,False,False,False,False,False,True,False,False,False,False,False,True,False,False,False,False,False,True,False,False,False,2017,1595
2017-11-13,38753,12.488074901728034,45.4,50.0,34.0,6.2,0.0,11,True,False,False,False,False,False,True,False,False,False,False,False,True,False,False,False,False,False,True,False,False,False,False,False,True,False,False,False,False,False,2017,1596
2017-11-14,52279,13.64024656171694,43.0,50.0,39.0,8.3,0.05,11,False,False,False,False,True,False,False,False,False,False,True,False,False,False,False,False,True,False,False,False,False,False,True,False,False,False,False,False,True,False,2017,1597
2017-11-15,54230,12.714872764152684,43.5,51.1,37.9,7.4,0.0,11,False,False,False,False,False,True,False,False,False,False,False,True,False,False,False,False,False,True,False,False,False,False,False,True,False,False,False,False,False,True,2017,1598
2017-11-16,49737,13.12145016118115,52.2,59.0,37.9,10.2,0.7,11,False,False,False,True,False,False,False,False,False,True,False,False,False,False,False,True,False,False,False,False,False,True,False,False,False,False,False,True,False,False,2017,1599
2017-11-17,48991,14.673116490784022,45.5,59.0,41.0,16.8,0.08,11,False,False,False,False,False,False,False,False,False,False,False,False,False,False,False,False,False,False,False,False,False,False,False,False,False,False,False,False,False,False,2017,1600
2017-11-18,27745,14.609453354958848,44.0,52.0,36.0,7.2,0.0,11,False,True,False,False,False,False,False,True,False,False,False,False,False,True,False,False,False,False,False,True,False,False,False,False,False,True,False,False,False,False,2017,1601
2017-11-19,31598,15.503607823279957,53.5,60.1,36.0,15.7,0.33,11,False,False,True,False,False,False,False,False,True,False,False,False,False,False,True,False,False,False,False,False,True,False,False,False,False,False,True,False,False,False,2017,1602
2017-11-20,45121,12.479933216610153,43.1,60.1,37.0,13.1,0.02,11,True,False,False,False,False,False,True,False,False,False,False,False,True,False,False,False,False,False,True,False,False,False,False,False,True,False,False,False,False,False,2017,1603
2017-11-21,52451,15.001825831093145,49.1,59.0,37.0,11.2,0.0,11,False,False,False,False,True,False,False,False,False,False,True,False,False,False,False,False,True,False,False,False,False,False,True,False,False,False,False,False,True,False,2017,1604
2017-11-22,32298,15.141786901149713,51.7,59.0,43.0,8.7,0.0,11,False,False,False,False,False,True,False,False,False,False,False,True,False,False,False,False,False,True,False,False,False,False,False,True,False,False,False,False,False,True,2017,1605
2017-11-23,13705,17.551150431715925,38.7,55.0,34.0,10.9,0.16,11,False,False,False,True,False,False,False,False,False,True,False,False,False,False,False,True,False,False,False,False,False,True,False,False,False,False,False,True,False,False,2017,1606
2017-11-24,23724,18.90836705445962,43.0,51.1,34.0,5.7,0.0,11,False,False,False,False,False,False,False,False,False,False,False,False,False,False,False,False,False,False,False,False,False,False,False,False,False,False,False,False,False,False,2017,1607
2017-11-25,30518,25.39883620595494,48.6,57.9,37.0,6.9,0.0,11,False,True,False,False,False,False,False,True,False,False,False,False,False,True,False,False,False,False,False,True,False,False,False,False,False,True,False,False,False,False,2017,1608
2017-11-26,27181,13.695223992249486,49.3,57.9,42.1,13.0,0.0,11,False,False,True,False,False,False,False,False,True,False,False,False,False,False,True,False,False,False,False,False,True,False,False,False,False,False,True,False,False,False,2017,1609
2017-11-27,46733,13.079298711117769,45.3,53.1,42.1,12.9,0.0,11,True,False,False,False,False,False,True,False,False,False,False,False,True,False,False,False,False,False,True,False,False,False,False,False,True,False,False,False,False,False,2017,1610
2017-11-28,51170,13.056802488437237,44.0,53.1,37.0,8.1,0.0,11,False,False,False,False,True,False,False,False,False,False,True,False,False,False,False,False,True,False,False,False,False,False,True,False,False,False,False,False,True,False,2017,1611
2017-11-29,55295,13.357888898936007,54.4,64.0,37.0,10.4,0.0,11,False,False,False,False,False,True,False,False,False,False,False,True,False,False,False,False,False,True,False,False,False,False,False,True,False,False,False,False,False,True,2017,1612
2017-11-30,51700,11.952303352675695,44.2,64.0,39.9,7.3,0.0,11,False,False,False,True,False,False,False,False,False,True,False,False,False,False,False,True,False,False,False,False,False,True,False,False,False,False,False,True,False,False,2017,1613
2017-12-01,50708,12.975768452052272,50.4,54.0,39.9,9.3,0.02,12,False,False,False,False,False,False,False,False,False,False,False,False,False,False,False,False,False,False,False,False,False,False,False,False,False,False,False,False,False,False,2017,1614
2017-12-02,38923,14.491770932353624,44.2,53.1,39.9,5.5,0.0,12,False,True,False,False,False,False,False,True,False,False,False,False,False,True,False,False,False,False,False,True,False,False,False,False,False,True,False,False,False,False,2017,1615
2017-12-03,33728,13.151542239879824,45.3,48.0,39.9,5.0,0.0,12,False,False,True,False,False,False,False,False,True,False,False,False,False,False,True,False,False,False,False,False,True,False,False,False,False,False,True,False,False,False,2017,1616
2017-12-04,49630,12.86065921149842,45.5,52.0,39.9,5.0,0.0,12,True,False,False,False,False,False,True,False,False,False,False,False,True,False,False,False,False,False,True,False,False,False,False,False,True,False,False,False,False,False,2017,1617
2017-12-05,41792,12.433630040837162,53.8,60.1,39.9,11.4,0.0,12,False,False,False,False,True,False,False,False,False,False,True,False,False,False,False,False,True,False,False,False,False,False,True,False,False,False,False,False,True,False,2017,1618
2017-12-06,46335,12.197234272148483,50.1,60.1,41.0,11.9,0.69,12,False,False,False,False,False,True,False,False,False,False,False,True,False,False,False,False,False,True,False,False,False,False,False,True,False,False,False,False,False,True,2017,1619
2017-12-07,45367,12.206890471047236,42.7,59.0,39.9,13.2,0.0,12,False,False,False,True,False,False,False,False,False,True,False,False,False,False,False,True,False,False,False,False,False,True,False,False,False,False,False,True,False,False,2017,1620
2017-12-08,41330,11.662685700459717,39.1,46.0,36.0,8.7,0.0,12,False,False,False,False,False,False,False,False,False,False,False,False,False,False,False,False,False,False,False,False,False,False,False,False,False,False,False,False,False,False,2017,1621
2017-12-09,10804,13.7858262371961,35.2,41.0,30.9,6.8,0.0,12,False,True,False,False,False,False,False,True,False,False,False,False,False,True,False,False,False,False,False,True,False,False,False,False,False,True,False,False,False,False,2017,1622
2017-12-10,19815,13.854088653377072,35.0,39.9,30.9,10.9,0.34,12,False,False,True,False,False,False,False,False,True,False,False,False,False,False,True,False,False,False,False,False,True,False,False,False,False,False,True,False,False,False,2017,1623
2017-12-11,41838,12.9890797042561,38.0,43.0,32.0,9.4,0.0,12,True,False,False,False,False,False,True,False,False,False,False,False,True,False,False,False,False,False,True,False,False,False,False,False,True,False,False,False,False,False,2017,1624
2017-12-12,42620,12.225013295792277,44.5,51.8,39.0,9.6,0.0,12,False,False,False,False,True,False,False,False,False,False,True,False,False,False,False,False,True,False,False,False,False,False,True,False,False,False,False,False,True,False,2017,1625
2017-12-13,32623,11.803366234456265,29.2,51.1,21.9,21.0,0.0,12,False,False,False,False,False,True,False,False,False,False,False,True,False,False,False,False,False,True,False,False,False,False,False,True,False,False,False,False,False,True,2017,1626
2017-12-14,27495,13.303009031945203,28.3,33.1,21.9,11.2,0.05,12,False,False,False,True,False,False,False,False,False,True,False,False,False,False,False,True,False,False,False,False,False,True,False,False,False,False,False,True,False,False,2017,1627
2017-12-15,22944,11.740416521385402,25.5,33.1,23.0,6.5,0.02,12,False,False,False,False,False,False,False,False,False,False,False,False,False,False,False,False,False,False,False,False,False,False,False,False,False,False,False,False,False,False,2017,1628
2017-12-16,19060,12.256758481986706,30.9,39.9,23.0,12.9,0.13,12,False,True,False,False,False,False,False,True,False,False,False,False,False,True,False,False,False,False,False,True,False,False,False,False,False,True,False,False,False,False,2017,1629
2017-12-17,22403,11.63506822003006,35.7,39.9,25.0,5.9,0.0,12,False,False,True,False,False,False,False,False,True,False,False,False,False,False,True,False,False,False,False,False,True,False,False,False,False,False,True,False,False,False,2017,1630
2017-12-18,40168,12.761259792206074,38.4,46.9,33.1,5.7,0.02,12,True,False,False,False,False,False,True,False,False,False,False,False,True,False,False,False,False,False,True,False,False,False,False,False,True,False,False,False,False,False,2017,1631
2017-12-19,49503,11.826513207953722,50.2,55.9,34.0,10.9,0.0,12,False,False,False,False,True,False,False,False,False,False,True,False,False,False,False,False,True,False,False,False,False,False,True,False,False,False,False,False,True,False,2017,1632
2017-12-20,41463,14.186231097605097,47.7,55.9,39.9,14.3,0.0,12,False,False,False,False,False,True,False,False,False,False,False,True,False,False,False,False,False,True,False,False,False,False,False,True,False,False,False,False,False,True,2017,1633
2017-12-21,37592,11.657265286940484,37.2,53.1,34.0,9.2,0.0,12,False,False,False,True,False,False,False,False,False,True,False,False,False,False,False,True,False,False,False,False,False,True,False,False,False,False,False,True,False,False,2017,1634
2017-12-22,34341,14.511359113984255,40.1,51.1,34.0,6.3,0.0,12,False,False,False,False,False,False,False,False,False,False,False,False,False,False,False,False,False,False,False,False,False,False,False,False,False,False,False,False,False,False,2017,1635
2017-12-23,9608,17.30497502081599,41.2,53.1,36.0,7.4,0.05,12,False,True,False,False,False,False,False,True,False,False,False,False,False,True,False,False,False,False,False,True,False,False,False,False,False,True,False,False,False,False,2017,1636
2017-12-24,13216,13.15060532687651,40.3,53.1,37.0,10.1,0.49,12,False,False,True,False,False,False,False,False,True,False,False,False,False,False,True,False,False,False,False,False,True,False,False,False,False,False,True,False,False,False,2017,1637
2017-12-25,6479,16.748487420898286,36.3,41.0,32.0,15.8,0.23,12,True,False,False,False,False,False,True,False,False,False,False,False,True,False,False,False,False,False,True,False,False,False,False,False,True,False,False,False,False,False,2017,1638
2017-12-26,14113,11.752530763598577,27.0,39.0,24.1,16.4,0.22,12,False,False,False,False,True,False,False,False,False,False,True,False,False,False,False,False,True,False,False,False,False,False,True,False,False,False,False,False,True,False,2017,1639
2017-12-27,16365,13.723589978612896,22.8,28.9,19.0,10.5,0.0,12,False,False,False,False,False,True,False,False,False,False,False,True,False,False,False,False,False,True,False,False,False,False,False,True,False,False,False,False,False,True,2017,1640
2017-12-28,13420,11.01492424242424,17.3,25.0,14.0,15.2,0.0,12,False,False,False,True,False,False,False,False,False,True,False,False,False,False,False,True,False,False,False,False,False,True,False,False,False,False,False,True,False,False,2017,1641
2017-12-29,13759,10.915011992150593,15.5,21.9,12.0,12.0,0.0,12,False,False,False,False,False,False,False,False,False,False,False,False,False,False,False,False,False,False,False,False,False,False,False,False,False,False,False,False,False,False,2017,1642
2017-12-30,5956,12.390043653458696,20.0,23.0,18.0,7.8,0.0,12,False,True,False,False,False,False,False,True,False,False,False,False,False,True,False,False,False,False,False,True,False,False,False,False,False,True,False,False,False,False,2017,1643
2017-12-31,6569,13.172436190186229,22.0,23.0,19.9,13.6,0.48,12,False,False,True,False,False,False,False,False,True,False,False,False,False,False,True,False,False,False,False,False,True,False,False,False,False,False,True,False,False,False,2017,1644
2018-01-01,5500,20.7718,12.6,21.9,8.1,15.1,0.0,1,True,False,False,False,False,False,True,False,False,False,False,False,True,False,False,False,False,False,True,False,False,False,False,False,True,False,False,False,False,False,2018,1645
2018-01-02,18818,11.343925142593967,18.4,26.1,8.1,12.3,0.0,1,False,False,False,False,True,False,False,False,False,False,True,False,False,False,False,False,True,False,False,False,False,False,True,False,False,False,False,False,True,False,2018,1646
2018-01-03,24299,11.210897567801142,22.6,30.0,14.0,7.5,0.0,1,False,False,False,False,False,True,False,False,False,False,False,True,False,False,False,False,False,True,False,False,False,False,False,True,False,False,False,False,False,True,2018,1647
2018-01-04,1922,17.328407908428726,26.1,30.0,17.1,17.0,0.02,1,False,False,False,True,False,False,False,False,False,True,False,False,False,False,False,True,False,False,False,False,False,True,False,False,False,False,False,True,False,False,2018,1648
2018-01-05,4972,16.16085746849021,16.7,28.9,10.0,22.4,0.0,1,False,False,False,False,False,False,False,False,False,False,False,False,False,False,False,False,False,False,False,False,False,False,False,False,False,False,False,False,False,False,2018,1649
2018-01-06,4295,29.805723709740008,11.8,19.9,8.1,19.8,0.0,1,False,True,False,False,False,False,False,True,False,False,False,False,False,True,False,False,False,False,False,True,False,False,False,False,False,True,False,False,False,False,2018,1650
2018-01-07,5640,12.762567966903074,10.8,18.0,6.1,11.7,0.0,1,False,False,True,False,False,False,False,False,True,False,False,False,False,False,True,False,False,False,False,False,True,False,False,False,False,False,True,False,False,False,2018,1651
2018-01-08,15821,17.417178644417756,22.2,30.9,6.1,9.4,0.0,1,True,False,False,False,False,False,True,False,False,False,False,False,True,False,False,False,False,False,True,False,False,False,False,False,True,False,False,False,False,False,2018,1652
2018-01-09,25091,13.094970308078594,35.5,43.0,18.0,11.2,0.0,1,False,False,False,False,True,False,False,False,False,False,True,False,False,False,False,False,True,False,False,False,False,False,True,False,False,False,False,False,True,False,2018,1653
2018-01-10,28252,11.869496554816177,34.2,43.0,26.1,6.1,0.0,1,False,False,False,False,False,True,False,False,False,False,False,True,False,False,False,False,False,True,False,False,False,False,False,True,False,False,False,False,False,True,2018,1654
2018-01-11,33961,12.063514030800038,40.1,46.9,26.1,4.8,0.0,1,False,False,False,True,False,False,False,False,False,True,False,False,False,False,False,True,False,False,False,False,False,True,False,False,False,False,False,True,False,False,2018,1655
2018-01-12,22254,13.36127063299482,47.9,60.1,35.1,9.4,0.01,1,False,False,False,False,False,False,False,False,False,False,False,False,False,False,False,False,False,False,False,False,False,False,False,False,False,False,False,False,False,False,2018,1656
2018-01-13,17760,11.608766891891891,41.7,60.1,25.0,14.4,0.79,1,False,True,False,False,False,False,False,True,False,False,False,False,False,True,False,False,False,False,False,True,False,False,False,False,False,True,False,False,False,False,2018,1657
2018-01-14,12399,23.55788773288167,20.0,25.0,16.0,13.8,0.11,1,False,False,True,False,False,False,False,False,True,False,False,False,False,False,True,False,False,False,False,False,True,False,False,False,False,False,True,False,False,False,2018,1658
2018-01-15,17637,11.038549639961444,21.6,30.0,15.1,12.2,0.0,1,True,False,False,False,False,False,True,False,False,False,False,False,True,False,False,False,False,False,True,False,False,False,False,False,True,False,False,False,False,False,2018,1659
2018-01-16,30278,11.388798247352309,27.9,33.1,16.0,6.9,0.0,1,False,False,False,False,True,False,False,False,False,False,True,False,False,False,False,False,True,False,False,False,False,False,True,False,False,False,False,False,True,False,2018,1660
2018-01-17,19010,10.39236366824478,33.8,36.0,24.1,7.9,0.05,1,False,False,False,False,False,True,False,False,False,False,False,True,False,False,False,False,False,True,False,False,False,False,False,True,False,False,False,False,False,True,2018,1661
2018-01-18,27662,11.015991251536406,26.0,36.0,19.9,12.4,0.12,1,False,False,False,True,False,False,False,False,False,True,False,False,False,False,False,True,False,False,False,False,False,True,False,False,False,False,False,True,False,False,2018,1662
2018-01-19,30525,11.873586677586673,31.2,39.0,19.9,9.6,0.0,1,False,False,False,False,False,False,False,False,False,False,False,False,False,False,False,False,False,False,False,False,False,False,False,False,False,False,False,False,False,False,2018,1663
2018-01-20,28507,14.608504928614025,43.4,54.0,26.1,11.0,0.0,1,False,True,False,False,False,False,False,True,False,False,False,False,False,True,False,False,False,False,False,True,False,False,False,False,False,True,False,False,False,False,2018,1664
2018-01-21,27908,14.16123154650996,46.1,54.0,37.0,5.3,0.0,1,False,False,True,False,False,False,False,False,True,False,False,False,False,False,True,False,False,False,False,False,True,False,False,False,False,False,True,False,False,False,2018,1665
2018-01-22,36865,20.77364709073647,42.1,52.0,37.9,7.1,0.0,1,True,False,False,False,False,False,True,False,False,False,False,False,True,False,False,False,False,False,True,False,False,False,False,False,True,False,False,False,False,False,2018,1666
2018-01-23,28797,13.397511314836038,44.8,59.0,35.6,9.1,0.03,1,False,False,False,False,True,False,False,False,False,False,True,False,False,False,False,False,True,False,False,False,False,False,True,False,False,False,False,False,True,False,2018,1667
2018-01-24,36078,11.514989744442598,42.9,60.1,34.0,14.2,0.28,1,False,False,False,False,False,True,False,False,False,False,False,True,False,False,False,False,False,True,False,False,False,False,False,True,False,False,False,False,False,True,2018,1668
2018-01-25,31147,11.391361928917716,29.5,45.0,24.1,14.6,0.0,1,False,False,False,True,False,False,False,False,False,True,False,False,False,False,False,True,False,False,False,False,False,True,False,False,False,False,False,True,False,False,2018,1669
2018-01-26,33073,11.97867444743446,32.0,39.0,24.1,6.6,0.0,1,False,False,False,False,False,False,False,False,False,False,False,False,False,False,False,False,False,False,False,False,False,False,False,False,False,False,False,False,False,False,2018,1670
2018-01-27,34351,22.878358708625655,42.1,57.0,28.0,7.8,0.0,1,False,True,False,False,False,False,False,True,False,False,False,False,False,True,False,False,False,False,False,True,False,False,False,False,False,True,False,False,False,False,2018,1671
2018-01-28,20101,21.78418652471685,50.3,57.0,35.1,6.4,0.19,1,False,False,True,False,False,False,False,False,True,False,False,False,False,False,True,False,False,False,False,False,True,False,False,False,False,False,True,False,False,False,2018,1672
2018-01-29,36799,11.981148944264786,42.8,54.0,39.0,8.8,0.08,1,True,False,False,False,False,False,True,False,False,False,False,False,True,False,False,False,False,False,True,False,False,False,False,False,True,False,False,False,False,False,2018,1673
2018-01-30,27996,10.918298447397246,34.2,44.1,30.0,11.2,0.06,1,False,False,False,False,True,False,False,False,False,False,True,False,False,False,False,False,True,False,False,False,False,False,True,False,False,False,False,False,True,False,2018,1674
2018-01-31,31276,11.032208402609028,26.2,37.0,19.0,13.0,0.0,1,False,False,False,False,False,True,False,False,False,False,False,True,False,False,False,False,False,True,False,False,False,False,False,True,False,False,False,False,False,True,2018,1675
2018-02-01,35561,11.316653543676129,36.9,45.0,19.0,8.1,0.0,2,False,False,False,True,False,False,False,False,False,True,False,False,False,False,False,True,False,False,False,False,False,True,False,False,False,False,False,True,False,False,2018,1676
2018-02-02,26313,10.905258490733354,33.4,45.0,21.9,13.7,0.23,2,False,False,False,False,False,False,False,False,False,False,False,False,False,False,False,False,False,False,False,False,False,False,False,False,False,False,False,False,False,False,2018,1677
2018-02-03,18385,12.369982775813614,22.4,39.0,17.1,13.5,0.18,2,False,True,False,False,False,False,False,True,False,False,False,False,False,True,False,False,False,False,False,True,False,False,False,False,False,True,False,False,False,False,2018,1678
2018-02-04,13959,11.171521360173845,34.8,45.0,17.1,8.2,0.0,2,False,False,True,False,False,False,False,False,True,False,False,False,False,False,True,False,False,False,False,False,True,False,False,False,False,False,True,False,False,False,2018,1679
2018-02-05,29068,12.037206435484611,37.4,46.9,30.0,12.6,1.01,2,True,False,False,False,False,False,True,False,False,False,False,False,True,False,False,False,False,False,True,False,False,False,False,False,True,False,False,False,False,False,2018,1680
2018-02-06,34102,11.455167829843804,31.6,41.0,28.0,6.1,0.0,2,False,False,False,False,True,False,False,False,False,False,True,False,False,False,False,False,True,False,False,False,False,False,True,False,False,False,False,False,True,False,2018,1681
2018-02-07,15289,10.588302047223491,32.8,46.9,28.0,8.3,0.0,2,False,False,False,False,False,True,False,False,False,False,False,True,False,False,False,False,False,True,False,False,False,False,False,True,False,False,False,False,False,True,2018,1682
2018-02-08,31564,17.38828834537235,32.8,46.9,26.1,12.9,0.85,2,False,False,False,True,False,False,False,False,False,True,False,False,False,False,False,True,False,False,False,False,False,True,False,False,False,False,False,True,False,False,2018,1683
2018-02-09,31567,11.610650362720564,30.8,36.0,26.1,8.2,0.0,2,False,False,False,False,False,False,False,False,False,False,False,False,False,False,False,False,False,False,False,False,False,False,False,False,False,False,False,False,False,False,2018,1684
2018-02-10,16324,15.006767132238828,42.0,51.1,28.0,5.5,0.0,2,False,True,False,False,False,False,False,True,False,False,False,False,False,True,False,False,False,False,False,True,False,False,False,False,False,True,False,False,False,False,2018,1685
2018-02-11,8809,11.403112347220643,45.6,60.1,37.9,4.7,0.82,2,False,False,True,False,False,False,False,False,True,False,False,False,False,False,True,False,False,False,False,False,True,False,False,False,False,False,True,False,False,False,2018,1686
2018-02-12,35139,18.194091560184788,48.1,63.0,41.0,11.4,0.99,2,True,False,False,False,False,False,True,False,False,False,False,False,True,False,False,False,False,False,True,False,False,False,False,False,True,False,False,False,False,False,2018,1687
2018-02-13,35189,11.132938797161986,33.0,41.0,27.0,9.9,0.0,2,False,False,False,False,True,False,False,False,False,False,True,False,False,False,False,False,True,False,False,False,False,False,True,False,False,False,False,False,True,False,2018,1688
2018-02-14,39591,13.46101891844106,40.5,54.0,27.0,6.8,0.01,2,False,False,False,False,False,True,False,False,False,False,False,True,False,False,False,False,False,True,False,False,False,False,False,True,False,False,False,False,False,True,2018,1689
2018-02-15,44193,12.132828351398036,51.0,61.0,36.0,6.8,0.13,2,False,False,False,True,False,False,False,False,False,True,False,False,False,False,False,True,False,False,False,False,False,True,False,False,False,False,False,True,False,False,2018,1690
2018-02-16,29191,11.969708129217908,56.1,61.0,44.1,9.1,0.16,2,False,False,False,False,False,False,False,False,False,False,False,False,False,False,False,False,False,False,False,False,False,False,False,False,False,False,False,False,False,False,2018,1691
2018-02-17,17921,15.176228075070217,36.0,59.0,30.0,11.3,0.05,2,False,True,False,False,False,False,False,True,False,False,False,False,False,True,False,False,False,False,False,True,False,False,False,False,False,True,False,False,False,False,2018,1692
2018-02-18,21538,17.15319280651253,37.6,45.0,30.0,8.8,0.62,2,False,False,True,False,False,False,False,False,True,False,False,False,False,False,True,False,False,False,False,False,True,False,False,False,False,False,True,False,False,False,2018,1693
2018-02-19,25677,12.832399293790813,41.5,48.9,33.1,5.6,0.02,2,True,False,False,False,False,False,True,False,False,False,False,False,True,False,False,False,False,False,True,False,False,False,False,False,True,False,False,False,False,False,2018,1694
2018-02-20,44480,17.40954024280575,53.9,70.0,33.1,6.9,0.03,2,False,False,False,False,True,False,False,False,False,False,True,False,False,False,False,False,True,False,False,False,False,False,True,False,False,False,False,False,True,False,2018,1695
2018-02-21,53115,30.36244783331763,61.8,79.0,46.9,7.7,0.0,2,False,False,False,False,False,True,False,False,False,False,False,True,False,False,False,False,False,True,False,False,False,False,False,True,False,False,False,False,False,True,2018,1696
2018-02-22,27010,11.093625200543007,50.6,79.0,37.9,10.1,0.02,2,False,False,False,True,False,False,False,False,False,True,False,False,False,False,False,True,False,False,False,False,False,True,False,False,False,False,False,True,False,False,2018,1697
2018-02-23,25634,12.69698122285506,37.8,41.0,37.0,9.1,0.11,2,False,False,False,False,False,False,False,False,False,False,False,False,False,False,False,False,False,False,False,False,False,False,False,False,False,False,False,False,False,False,2018,1698
2018-02-24,25550,14.260973255055449,46.7,54.0,36.0,7.4,0.07,2,False,True,False,False,False,False,False,True,False,False,False,False,False,True,False,False,False,False,False,True,False,False,False,False,False,True,False,False,False,False,2018,1699
2018-02-25,16150,19.66062435500517,42.3,54.0,39.9,9.6,0.62,2,False,False,True,False,False,False,False,False,True,False,False,False,False,False,True,False,False,False,False,False,True,False,False,False,False,False,True,False,False,False,2018,1700
2018-02-26,42570,12.379549369665648,46.1,52.0,39.9,6.4,0.22,2,True,False,False,False,False,False,True,False,False,False,False,False,True,False,False,False,False,False,True,False,False,False,False,False,True,False,False,False,False,False,2018,1701
2018-02-27,48516,14.21165045208454,47.3,57.0,39.9,7.5,0.0,2,False,False,False,False,True,False,False,False,False,False,True,False,False,False,False,False,True,False,False,False,False,False,True,False,False,False,False,False,True,False,2018,1702
2018-02-28,50709,15.028157723481032,49.5,62.1,39.9,9.2,0.0,2,False,False,False,False,False,True,False,False,False,False,False,True,False,False,False,False,False,True,False,False,False,False,False,True,False,False,False,False,False,True,2018,1703
2018-03-01,45564,13.900288970824914,54.5,62.1,42.1,6.0,0.0,3,False,False,False,True,False,False,False,False,False,True,False,False,False,False,False,True,False,False,False,False,False,True,False,False,False,False,False,True,False,False,2018,1704
2018-03-02,6855,13.452285436421102,41.9,57.9,35.6,19.1,1.47,3,False,False,False,False,False,False,False,False,False,False,False,False,False,False,False,False,False,False,False,False,False,False,False,False,False,False,False,False,False,False,2018,1705
2018-03-03,28364,16.372609646030178,40.6,46.9,36.0,20.1,0.71,3,False,True,False,False,False,False,False,True,False,False,False,False,False,True,False,False,False,False,False,True,False,False,False,False,False,True,False,False,False,False,2018,1706
2018-03-04,25262,13.329999604148528,41.9,46.9,37.9,16.6,0.0,3,False,False,True,False,False,False,False,False,True,False,False,False,False,False,True,False,False,False,False,False,True,False,False,False,False,False,True,False,False,False,2018,1707
2018-03-05,36774,11.714059752361273,37.5,44.1,35.1,15.7,0.0,3,True,False,False,False,False,False,True,False,False,False,False,False,True,False,False,False,False,False,True,False,False,False,False,False,True,False,False,False,False,False,2018,1708
2018-03-06,42689,13.188295189236888,39.5,46.9,34.0,8.2,0.0,3,False,False,False,False,True,False,False,False,False,False,True,False,False,False,False,False,True,False,False,False,False,False,True,False,False,False,False,False,True,False,2018,1709
2018-03-07,8188,10.35133528741247,36.6,41.0,33.8,14.7,0.1,3,False,False,False,False,False,True,False,False,False,False,False,True,False,False,False,False,False,True,False,False,False,False,False,True,False,False,False,False,False,True,2018,1710
2018-03-08,28440,11.289906235349273,37.4,42.1,34.0,12.7,0.8,3,False,False,False,True,False,False,False,False,False,True,False,False,False,False,False,True,False,False,False,False,False,True,False,False,False,False,False,True,False,False,2018,1711
2018-03-09,34912,12.983422128017104,36.8,44.1,30.9,14.0,0.0,3,False,False,False,False,False,False,False,False,False,False,False,False,False,False,False,False,False,False,False,False,False,False,False,False,False,False,False,False,False,False,2018,1712
2018-03-10,25444,14.89608814127758,37.4,44.1,30.9,14.0,0.0,3,False,True,False,False,False,False,False,True,False,False,False,False,False,True,False,False,False,False,False,True,False,False,False,False,False,True,False,False,False,False,2018,1713
2018-03-11,27597,24.689533886533564,38.9,46.0,33.1,10.3,0.0,3,False,False,True,False,False,False,False,False,True,False,False,False,False,False,True,False,False,False,False,False,True,False,False,False,False,False,True,False,False,False,2018,1714
2018-03-12,36340,13.356089708310405,38.2,46.0,33.1,10.5,0.0,3,True,False,False,False,False,False,True,False,False,False,False,False,True,False,False,False,False,False,True,False,False,False,False,False,True,False,False,False,False,False,2018,1715
2018-03-13,23137,11.048184005417006,37.3,43.0,33.1,14.1,0.21,3,False,False,False,False,True,False,False,False,False,False,True,False,False,False,False,False,True,False,False,False,False,False,True,False,False,False,False,False,True,False,2018,1716
2018-03-14,35377,11.430208421667563,36.7,42.1,32.0,16.3,0.05,3,False,False,False,False,False,True,False,False,False,False,False,True,False,False,False,False,False,True,False,False,False,False,False,True,False,False,False,False,False,True,2018,1717
2018-03-15,39574,21.85490431428041,38.6,48.0,32.0,15.0,0.0,3,False,False,False,True,False,False,False,False,False,True,False,False,False,False,False,True,False,False,False,False,False,True,False,False,False,False,False,True,False,False,2018,1718
2018-03-16,34921,12.061142292603307,37.6,48.0,34.0,16.7,0.0,3,False,False,False,False,False,False,False,False,False,False,False,False,False,False,False,False,False,False,False,False,False,False,False,False,False,False,False,False,False,False,2018,1719
2018-03-17,27672,17.89375481834827,36.4,48.0,28.9,14.8,0.0,3,False,True,False,False,False,False,False,True,False,False,False,False,False,True,False,False,False,False,False,True,False,False,False,False,False,True,False,False,False,False,2018,1720
2018-03-18,25158,14.375474998012558,37.4,48.0,28.9,11.6,0.0,3,False,False,True,False,False,False,False,False,True,False,False,False,False,False,True,False,False,False,False,False,True,False,False,False,False,False,True,False,False,False,2018,1721
2018-03-19,39278,12.724122070030724,39.8,46.9,30.0,7.0,0.0,3,True,False,False,False,False,False,True,False,False,False,False,False,True,False,False,False,False,False,True,False,False,False,False,False,True,False,False,False,False,False,2018,1722
2018-03-20,35532,11.492039569965106,35.9,46.9,30.9,9.8,0.0,3,False,False,False,False,True,False,False,False,False,False,True,False,False,False,False,False,True,False,False,False,False,False,True,False,False,False,False,False,True,False,2018,1723
2018-03-21,3755,12.193004882379052,35.7,39.9,30.9,15.1,0.0,3,False,False,False,False,False,True,False,False,False,False,False,True,False,False,False,False,False,True,False,False,False,False,False,True,False,False,False,False,False,True,2018,1724
2018-03-22,27308,11.82065206777013,39.6,51.1,32.0,13.8,0.64,3,False,False,False,True,False,False,False,False,False,True,False,False,False,False,False,True,False,False,False,False,False,True,False,False,False,False,False,True,False,False,2018,1725
2018-03-23,38528,13.43364176702658,42.7,51.1,33.1,11.0,0.01,3,False,False,False,False,False,False,False,False,False,False,False,False,False,False,False,False,False,False,False,False,False,False,False,False,False,False,False,False,False,False,2018,1726
2018-03-24,34398,20.7304862685815,43.3,51.1,37.0,10.2,0.0,3,False,True,False,False,False,False,False,True,False,False,False,False,False,True,False,False,False,False,False,True,False,False,False,False,False,True,False,False,False,False,2018,1727
2018-03-25,25562,12.97419542028532,40.4,51.1,35.1,11.0,0.0,3,False,False,True,False,False,False,False,False,True,False,False,False,False,False,True,False,False,False,False,False,True,False,False,False,False,False,True,False,False,False,2018,1728
2018-03-26,40295,12.767646523555443,40.4,50.0,34.0,9.1,0.0,3,True,False,False,False,False,False,True,False,False,False,False,False,True,False,False,False,False,False,True,False,False,False,False,False,True,False,False,False,False,False,2018,1729
2018-03-27,41354,12.178721526333613,39.4,50.0,34.0,5.8,0.0,3,False,False,False,False,True,False,False,False,False,False,True,False,False,False,False,False,True,False,False,False,False,False,True,False,False,False,False,False,True,False,2018,1730
2018-03-28,42520,12.53977422389464,43.7,52.0,35.1,5.5,0.04,3,False,False,False,False,False,True,False,False,False,False,False,True,False,False,False,False,False,True,False,False,False,False,False,True,False,False,False,False,False,True,2018,1731
2018-03-29,39293,16.089561754001984,49.6,53.1,39.0,5.2,0.03,3,False,False,False,True,False,False,False,False,False,True,False,False,False,False,False,True,False,False,False,False,False,True,False,False,False,False,False,True,False,False,2018,1732
2018-03-30,34787,13.862753806498596,50.1,60.1,43.0,6.3,0.02,3,False,False,False,False,False,False,False,False,False,False,False,False,False,False,False,False,False,False,False,False,False,False,False,False,False,False,False,False,False,False,2018,1733
2018-03-31,41794,26.894350066197696,47.1,60.1,39.9,10.7,0.04,3,False,True,False,False,False,False,False,True,False,False,False,False,False,True,False,False,False,False,False,True,False,False,False,False,False,True,False,False,False,False,2018,1734
2018-04-01,33149,21.496862147676655,50.4,59.0,39.9,11.0,0.0,4,False,False,True,False,False,False,False,False,True,False,False,False,False,False,True,False,False,False,False,False,True,False,False,False,False,False,True,False,False,False,2018,1735
2018-04-02,22063,16.397754913958508,39.8,59.0,32.0,8.1,0.4,4,True,False,False,False,False,False,True,False,False,False,False,False,True,False,False,False,False,False,True,False,False,False,False,False,True,False,False,False,False,False,2018,1736
2018-04-03,25881,10.721902811586364,40.8,44.1,32.0,7.0,0.15,4,False,False,False,False,True,False,False,False,False,False,True,False,False,False,False,False,True,False,False,False,False,False,True,False,False,False,False,False,True,False,2018,1737
2018-04-04,36753,12.154555637181543,45.9,57.0,39.0,9.3,0.28,4,False,False,False,False,False,True,False,False,False,False,False,True,False,False,False,False,False,True,False,False,False,False,False,True,False,False,False,False,False,True,2018,1738
2018-04-05,39814,13.3780847608044,41.6,57.0,35.1,18.2,0.11,4,False,False,False,True,False,False,False,False,False,True,False,False,False,False,False,True,False,False,False,False,False,True,False,False,False,False,False,True,False,False,2018,1739
2018-04-06,35624,13.139786847817952,44.8,62.1,35.1,10.7,0.0,4,False,False,False,False,False,False,False,False,False,False,False,False,False,False,False,False,False,False,False,False,False,False,False,False,False,False,False,False,False,False,2018,1740
2018-04-07,33245,14.37738657442222,45.7,62.1,37.0,10.5,0.09,4,False,True,False,False,False,False,False,True,False,False,False,False,False,True,False,False,False,False,False,True,False,False,False,False,False,True,False,False,False,False,2018,1741
2018-04-08,28410,14.94140502170598,38.9,48.9,33.1,12.2,0.0,4,False,False,True,False,False,False,False,False,True,False,False,False,False,False,True,False,False,False,False,False,True,False,False,False,False,False,True,False,False,False,2018,1742
2018-04-09,40509,11.925599249549483,38.7,48.9,33.1,10.6,0.0,4,True,False,False,False,False,False,True,False,False,False,False,False,True,False,False,False,False,False,True,False,False,False,False,False,True,False,False,False,False,False,2018,1743
2018-04-10,43051,11.534113803008832,43.2,50.0,33.1,7.9,0.0,4,False,False,False,False,True,False,False,False,False,False,True,False,False,False,False,False,True,False,False,False,False,False,True,False,False,False,False,False,True,False,2018,1744
2018-04-11,48612,12.483800981924905,44.4,52.0,37.9,6.9,0.0,4,False,False,False,False,False,True,False,False,False,False,False,True,False,False,False,False,False,True,False,False,False,False,False,True,False,False,False,False,False,True,2018,1745
2018-04-12,53168,13.598826988664865,50.6,60.1,37.9,8.1,0.0,4,False,False,False,True,False,False,False,False,False,True,False,False,False,False,False,True,False,False,False,False,False,True,False,False,False,False,False,True,False,False,2018,1746
2018-04-13,63510,24.07960793575814,65.4,82.0,46.0,11.1,0.0,4,False,False,False,False,False,False,False,False,False,False,False,False,False,False,False,False,False,False,False,False,False,False,False,False,False,False,False,False,False,False,2018,1747
2018-04-14,62597,22.908648178027697,61.6,82.0,51.1,9.4,0.0,4,False,True,False,False,False,False,False,True,False,False,False,False,False,True,False,False,False,False,False,True,False,False,False,False,False,True,False,False,False,False,2018,1748
2018-04-15,20440,12.307435583822572,44.4,69.1,39.0,18.4,0.0,4,False,False,True,False,False,False,False,False,True,False,False,False,False,False,True,False,False,False,False,False,True,False,False,False,False,False,True,False,False,False,2018,1749
2018-04-16,26289,13.66021212928094,46.6,61.0,39.0,18.1,1.24,4,True,False,False,False,False,False,True,False,False,False,False,False,True,False,False,False,False,False,True,False,False,False,False,False,True,False,False,False,False,False,2018,1750
2018-04-17,44689,11.757871437415618,46.2,61.0,39.9,13.8,1.62,4,False,False,False,False,True,False,False,False,False,False,True,False,False,False,False,False,True,False,False,False,False,False,True,False,False,False,False,False,True,False,2018,1751
2018-04-18,51110,13.195589251940266,44.7,55.0,39.0,11.6,0.0,4,False,False,False,False,False,True,False,False,False,False,False,True,False,False,False,False,False,True,False,False,False,False,False,True,False,False,False,False,False,True,2018,1752
2018-04-19,38298,11.335561909238075,46.2,55.0,39.0,9.9,0.07,4,False,False,False,True,False,False,False,False,False,True,False,False,False,False,False,True,False,False,False,False,False,True,False,False,False,False,False,True,False,False,2018,1753
2018-04-20,47052,16.00011937147553,43.2,50.0,37.9,16.3,0.08,4,False,False,False,False,False,False,False,False,False,False,False,False,False,False,False,False,False,False,False,False,False,False,False,False,False,False,False,False,False,False,2018,1754
2018-04-21,63599,23.503453146537936,48.8,62.1,37.9,10.4,0.0,4,False,True,False,False,False,False,False,True,False,False,False,False,False,True,False,False,False,False,False,True,False,False,False,False,False,True,False,False,False,False,2018,1755
2018-04-22,54284,21.240274298135727,55.2,64.9,41.0,8.1,0.0,4,False,False,True,False,False,False,False,False,True,False,False,False,False,False,True,False,False,False,False,False,True,False,False,False,False,False,True,False,False,False,2018,1756
2018-04-23,57767,16.767890548813916,53.5,64.9,45.0,7.8,0.0,4,True,False,False,False,False,False,True,False,False,False,False,False,True,False,False,False,False,False,True,False,False,False,False,False,True,False,False,False,False,False,2018,1757
2018-04-24,58527,14.89379460192162,54.8,66.0,45.0,7.9,0.0,4,False,False,False,False,True,False,False,False,False,False,True,False,False,False,False,False,True,False,False,False,False,False,True,False,False,False,False,False,True,False,2018,1758
2018-04-25,31214,17.28646280515153,56.1,66.0,46.0,10.4,0.42,4,False,False,False,False,False,True,False,False,False,False,False,True,False,False,False,False,False,True,False,False,False,False,False,True,False,False,False,False,False,True,2018,1759
2018-04-26,66077,16.63759326240598,59.6,70.0,50.0,9.9,0.29,4,False,False,False,True,False,False,False,False,False,True,False,False,False,False,False,True,False,False,False,False,False,True,False,False,False,False,False,True,False,False,2018,1760
2018-04-27,39154,12.328815276429824,54.5,70.0,48.9,8.1,0.17,4,False,False,False,False,False,False,False,False,False,False,False,False,False,False,False,False,False,False,False,False,False,False,False,False,False,False,False,False,False,False,2018,1761
2018-04-28,56745,21.09956912503304,56.7,66.0,48.9,6.2,0.05,4,False,True,False,False,False,False,False,True,False,False,False,False,False,True,False,False,False,False,False,True,False,False,False,False,False,True,False,False,False,False,2018,1762
2018-04-29,44837,18.70150656823604,54.2,66.0,50.0,10.6,0.22,4,False,False,True,False,False,False,False,False,True,False,False,False,False,False,True,False,False,False,False,False,True,False,False,False,False,False,True,False,False,False,2018,1763
2018-04-30,41075,13.162267397037938,49.0,57.9,44.1,15.8,0.15,4,True,False,False,False,False,False,True,False,False,False,False,False,True,False,False,False,False,False,True,False,False,False,False,False,True,False,False,False,False,False,2018,1764
2018-05-01,72035,17.445850859535874,60.3,82.0,44.1,7.8,0.0,5,False,False,False,False,True,False,False,False,False,False,True,False,False,False,False,False,True,False,False,False,False,False,True,False,False,False,False,False,True,False,2018,1765
2018-05-02,76773,16.612234987126552,76.9,89.1,66.0,10.3,0.0,5,False,False,False,False,False,True,False,False,False,False,False,True,False,False,False,False,False,True,False,False,False,False,False,True,False,False,False,False,False,True,2018,1766
2018-05-03,69056,20.436858974358977,82.3,93.0,64.9,10.8,0.0,5,False,False,False,True,False,False,False,False,False,True,False,False,False,False,False,True,False,False,False,False,False,True,False,False,False,False,False,True,False,False,2018,1767
2018-05-04,71199,17.761826476963623,75.8,93.0,68.0,5.5,0.01,5,False,False,False,False,False,False,False,False,False,False,False,False,False,False,False,False,False,False,False,False,False,False,False,False,False,False,False,False,False,False,2018,1768
2018-05-05,63329,24.555012974571948,70.3,84.0,61.0,11.2,0.0,5,False,True,False,False,False,False,False,True,False,False,False,False,False,True,False,False,False,False,False,True,False,False,False,False,False,True,False,False,False,False,2018,1769
2018-05-06,48993,17.533699031834484,62.6,75.9,57.0,7.6,0.0,5,False,False,True,False,False,False,False,False,True,False,False,False,False,False,True,False,False,False,False,False,True,False,False,False,False,False,True,False,False,False,2018,1770
2018-05-07,68917,17.65035283988953,62.1,75.0,54.0,5.6,0.0,5,True,False,False,False,False,False,True,False,False,False,False,False,True,False,False,False,False,False,True,False,False,False,False,False,True,False,False,False,False,False,2018,1771
2018-05-08,74313,18.97815590811836,61.8,75.0,54.0,5.9,0.0,5,False,False,False,False,True,False,False,False,False,False,True,False,False,False,False,False,True,False,False,False,False,False,True,False,False,False,False,False,True,False,2018,1772
2018-05-09,78458,18.083681502629865,63.5,73.9,54.0,4.8,0.0,5,False,False,False,False,False,True,False,False,False,False,False,True,False,False,False,False,False,True,False,False,False,False,False,True,False,False,False,False,False,True,2018,1773
2018-05-10,67455,16.10722481654436,59.4,73.9,54.0,6.5,0.0,5,False,False,False,True,False,False,False,False,False,True,False,False,False,False,False,True,False,False,False,False,False,True,False,False,False,False,False,True,False,False,2018,1774
2018-05-11,75266,18.959467532927665,65.1,73.0,55.9,8.3,0.19,5,False,False,False,False,False,False,False,False,False,False,False,False,False,False,False,False,False,False,False,False,False,False,False,False,False,False,False,False,False,False,2018,1775
2018-05-12,34535,16.282174122870515,59.2,73.0,54.0,7.3,0.06,5,False,True,False,False,False,False,False,True,False,False,False,False,False,True,False,False,False,False,False,True,False,False,False,False,False,True,False,False,False,False,2018,1776
2018-05-13,25986,17.894076297493527,53.6,64.0,52.0,7.3,0.14,5,False,False,True,False,False,False,False,False,True,False,False,False,False,False,True,False,False,False,False,False,True,False,False,False,False,False,True,False,False,False,2018,1777
2018-05-14,64729,15.904303326175288,58.4,71.1,52.0,5.0,0.1,5,True,False,False,False,False,False,True,False,False,False,False,False,True,False,False,False,False,False,True,False,False,False,False,False,True,False,False,False,False,False,2018,1778
2018-05-15,52826,16.032164085866814,69.1,91.9,52.0,9.4,0.02,5,False,False,False,False,True,False,False,False,False,False,True,False,False,False,False,False,True,False,False,False,False,False,True,False,False,False,False,False,True,False,2018,1779
2018-05-16,32766,12.52734592768927,62.9,70.0,55.9,6.7,0.44,5,False,False,False,False,False,True,False,False,False,False,False,True,False,False,False,False,False,True,False,False,False,False,False,True,False,False,False,False,False,True,2018,1780
2018-05-17,49789,15.305948770478084,60.2,73.4,55.0,6.0,0.64,5,False,False,False,True,False,False,False,False,False,True,False,False,False,False,False,True,False,False,False,False,False,True,False,False,False,False,False,True,False,False,2018,1781
2018-05-18,63113,17.442503657460957,64.9,73.0,55.0,8.9,0.02,5,False,False,False,False,False,False,False,False,False,False,False,False,False,False,False,False,False,False,False,False,False,False,False,False,False,False,False,False,False,False,2018,1782
2018-05-19,18026,15.370868930063978,54.4,66.9,50.0,10.7,0.2,5,False,True,False,False,False,False,False,True,False,False,False,False,False,True,False,False,False,False,False,True,False,False,False,False,False,True,False,False,False,False,2018,1783
2018-05-20,56949,23.55147090671772,66.7,84.0,50.0,7.1,0.44,5,False,False,True,False,False,False,False,False,True,False,False,False,False,False,True,False,False,False,False,False,True,False,False,False,False,False,True,False,False,False,2018,1784
2018-05-21,71220,22.67974164560517,68.9,84.0,55.0,7.6,0.0,5,True,False,False,False,False,False,True,False,False,False,False,False,True,False,False,False,False,False,True,False,False,False,False,False,True,False,False,False,False,False,2018,1785
2018-05-22,48508,13.950543896539404,64.6,79.0,55.9,5.0,0.0,5,False,False,False,False,True,False,False,False,False,False,True,False,False,False,False,False,True,False,False,False,False,False,True,False,False,False,False,False,True,False,2018,1786
2018-05-23,72655,19.20066960291789,66.2,82.0,55.9,5.1,0.42,5,False,False,False,False,False,True,False,False,False,False,False,True,False,False,False,False,False,True,False,False,False,False,False,True,False,False,False,False,False,True,2018,1787
2018-05-24,74810,19.32832419908212,74.5,86.0,57.0,7.6,0.21,5,False,False,False,True,False,False,False,False,False,True,False,False,False,False,False,True,False,False,False,False,False,True,False,False,False,False,False,True,False,False,2018,1788
2018-05-25,69345,20.33638137813348,77.9,89.1,66.0,9.6,0.0,5,False,False,False,False,False,False,False,False,False,False,False,False,False,False,False,False,False,False,False,False,False,False,False,False,False,False,False,False,False,False,2018,1789
2018-05-26,51597,32.98850740676137,82.3,91.9,68.0,9.3,0.0,5,False,True,False,False,False,False,False,True,False,False,False,False,False,True,False,False,False,False,False,True,False,False,False,False,False,True,False,False,False,False,2018,1790
2018-05-27,25814,23.9957884610418,68.8,91.9,59.0,11.2,0.12,5,False,False,True,False,False,False,False,False,True,False,False,False,False,False,True,False,False,False,False,False,True,False,False,False,False,False,True,False,False,False,2018,1791
2018-05-28,49043,22.907766313915,60.2,82.0,55.9,8.3,0.41,5,True,False,False,False,False,False,True,False,False,False,False,False,True,False,False,False,False,False,True,False,False,False,False,False,True,False,False,False,False,False,2018,1792
2018-05-29,69090,17.06585251121725,72.8,87.1,55.9,6.0,0.0,5,False,False,False,False,True,False,False,False,False,False,True,False,False,False,False,False,True,False,False,False,False,False,True,False,False,False,False,False,True,False,2018,1793
2018-05-30,72321,16.616023238985452,69.0,87.1,63.0,7.8,0.0,5,False,False,False,False,False,True,False,False,False,False,False,True,False,False,False,False,False,True,False,False,False,False,False,True,False,False,False,False,False,True,2018,1794
2018-05-31,55794,13.872895532375049,64.0,77.0,60.1,7.1,0.0,5,False,False,False,True,False,False,False,False,False,True,False,False,False,False,False,True,False,False,False,False,False,True,False,False,False,False,False,True,False,False,2018,1795
